7,oefening,standaard Frequentie (p/d),materiaal,status,categorie_nl,tags_nl,naam_nl,doel_nl,content_nl,thumbnail_nl,categorie_vls,tags_vls,naam_vls,doel_vls,content_vls,thumbnail_vls,categorie_en,tags_en,naam_en,doel_en,content_en,thumbnail_en,categorie_fr,tags_fr,naam_fr,doel_fr,content_fr,thumbnail_fr,skip_intro
1,Houding staand,1,video,1,basis voorwaarden,Houding,Staand,Een ontspannen en neutrale houding zorgt voor ontspanning in het keelgebied. Een te hoge spierspanning is een belangrijke factor bij het ontstaan van stemproblemen.,https://streamable.com/l/z5v0mg/mp4-high.mp4,https://voicebuddy.s3.eu-central-1.amazonaws.com/oef+1+houding+staand.png,basis voorwaarden,Houding,Staand,Een ontspannen en neutrale houding zorgt voor ontspanning in het keelgebied. Een te hoge spierspanning is een belangrijke factor bij het ontstaan van stemproblemen.,https://streamable.com/l/z5v0mg/mp4-high.mp4,https://voicebuddy.s3.eu-central-1.amazonaws.com/oef+1+houding+staand.png,basic conditions,Attitude,Standing,A relaxed and neutral position ensures relaxation in the throat area. A too high muscle tension is an important factor in the development of voice problems.,https://streaamable.com/l/z5v0mg/mp4-high.mp4,https://voiceBuddy.s3.eu-central-1.amazonaws.com/oef+1+TEGENTER.BOEGEN.PNG,Conditions de base,Attitude,Debout,Une position détendue et neutre garantit la relaxation dans la gorge. Une tension musculaire trop élevée est un facteur important dans le développement des problèmes vocaux.,https://streamable.com/l/z5v0mg/mp4-high.mp4,https://voicebuddy.s3.eu-central-1.amazons.com/oef+1+tegenter.boegen.png,
2,Houding zittend,1,video,1,basis voorwaarden,Houding,Zittend,Een ontspannen en neutrale zithouding zorgt voor ontspanning in het keelgebied. Een te hoge spierspanning is een belangrijke factor bij het ontstaan van stemproblemen.,https://streamable.com/l/spa6m0/mp4-high.mp4,https://voicebuddy.s3.eu-central-1.amazonaws.com/Oef+2+Houding+zittend.png,basis voorwaarden,Houding,Zittend,Een ontspannen en neutrale zithouding zorgt voor ontspanning in het keelgebied. Een te hoge spierspanning is een belangrijke factor bij het ontstaan van stemproblemen.,https://streamable.com/l/spa6m0/mp4-high.mp4,https://voicebuddy.s3.eu-central-1.amazonaws.com/Oef+2+Houding+zittend.png,basic conditions,Attitude,Sitting,A relaxed and neutral sitting position ensures relaxation in the throat area. A too high muscle tension is an important factor in the development of voice problems.,https://streaamable.com/l/spa6m0/mp4-high.mp4,https://voiceBuddy.s3.eu-central-1.amazons.com/oef+2+TOTEMENTER.ZENTEND.PNG,Conditions de base,Attitude,Séance,Une position assise détendue et neutre assure la détente dans la gorge. Une tension musculaire trop élevée est un facteur important dans le développement des problèmes vocaux.,https://streamable.com/l/spa6m0/mp4-high.mp4,https://voicebuddy.s3.eu-central-1.amazons.com/oef+2+totementer.zend.png,
3,Buisresonans,1,video,1,spanning,Relaxatie,Buisresonans,"Het maken van geluid in de buis verandert de luchtdrukverdeling in je strottenhoofd. Dat zorgt voor ontspanning in je keel, helpt je stemplooien beter te sluiten en draagt bij aan het herstel van je stem.",https://streamable.com/l/sy75u3/mp4.mp4,https://voicebuddy.s3.eu-central-1.amazonaws.com/Oef+3+buisresonans.png,spanning,Relaxatie,Buisresonans,"Het maken van geluid in de buis verandert de luchtdrukverdeling in je strottenhoofd. Dat zorgt voor ontspanning in je keel, helpt je stemplooien beter te sluiten en draagt bij aan het herstel van je stem.",https://streamable.com/l/sy75u3/mp4.mp4,https://voicebuddy.s3.eu-central-1.amazonaws.com/Oef+3+buisresonans.png,tension,Relaxation,Buisresonans,"Making sound in the tube changes the air pressure distribution into your larynx. This ensures relaxation in your throat, helps your vocal folds to close better and contributes to the recovery of your voice.",https://streaamable.com/l/sy75u3/mp4.mp4,https://voiceBuddy.s3.eu-central-1.amazons.com/oef+3+buisresonans.png,tension,Relaxation,Buisonans,"Le fait de faire du son dans le tube modifie la distribution de la pression d'air dans votre larynx. Cela garantit la relaxation dans votre gorge, aide vos plis vocaux à mieux fermer et contribue à la récupération de votre voix.",https://streamable.com/l/sy75u3/mp4.mp4,https://voicebuddy.s3.eu-central-1.amazons.com/oef+3+buisresonans.png,62
4,Buisresonans toepassen,2,video,1,spanning,Relaxatie,Buisresonans toepassen,"Door de ontspanning vanuit de buisresonansoefening mee te nemen naar het normale spreken, bouw je een gezonde stemgewoonte op.",https://streamable.com/l/6giczf/mp4-high.mp4,https://voicebuddy.s3.eu-central-1.amazonaws.com/Oef+4+Buisresonans+toepassing.png,spanning,Relaxatie,Buisresonans toepassen,"Door de ontspanning vanuit de buisresonansoefening mee te nemen naar het normale spreken, bouw je een gezonde stemgewoonte op.",https://streamable.com/l/6giczf/mp4-high.mp4,https://voicebuddy.s3.eu-central-1.amazonaws.com/Oef+4+Buisresonans+toepassing.png,tension,Relaxation,Apply Buisresonans,"By taking the relaxation from the Buisresonans exercise to normal speaking, you build a healthy voice habit.",https://streaamable.com/l/6giczf/mp4-high.mp4,https://voiceBuddy.s3.eu-central-1.amazons.com/oef+4+buisresonans+ application.png,tension,Relaxation,Appliquer des buisonans,"En prenant la relaxation de l'exercice de Buisonans à Speaking normal, vous construisez une habitude vocale saine.",https://streamable.com/l/6giczf/mp4-high.mp4,https://voicebuddy.s3.eu-central-1.amazons.com/oef+4+buisresonans+ application.png,
5,Gaapstand,1,video,1,spanning,Relaxatie fonatie,Gaapstand ,"Wanneer je gaapt, zakt het strottenhoofd en ontstaat er meer ruimte in de keel. Zo krijgt je een ontspannen en draagkrachtig geluid.",https://streamable.com/l/hlj52l/mp4.mp4,https://voicebuddy.s3.eu-central-1.amazonaws.com/Oef+5+gaapstand.png,spanning,Relaxatie fonatie,Gaapstand ,"Wanneer je gaapt, zakt het strottenhoofd en ontstaat er meer ruimte in de keel. Zo krijgt je een ontspannen en draagkrachtig geluid.",https://streamable.com/l/hlj52l/mp4.mp4,https://voicebuddy.s3.eu-central-1.amazonaws.com/Oef+5+gaapstand.png,tension,Relaxation Fonation,Gap,"When you yawn, the larynx drops and more space is created in the throat. This way you get a relaxed and strong sound.",https://streaamable.com/l/hlj52l/mp4.mp4,https://voiceBuddy.s3.eu-central-1.amazonaws.com/oef+5+Gaapstand.png,tension,Police de relaxation,Écart,"Lorsque vous bâillez, le larynx tombe et plus d'espace est créé dans la gorge. De cette façon, vous obtenez un son détendu et fort.",https://streamable.com/l/hlj52l/mp4.mp4,https://voicebuddy.s3.eu-central-1.amazonaws.com/oef+5+gaapstand.png,
6,"Liptriller
Doel:
-stem opwarmen
-verhogen ademsteun
-Verleggen van de spanning van de larynx (of: strottenhoofd) naar de lippen 
-toename stemplooi-elongatie en de amplitude van de mucosale golf zonder excessieve spanning ->maar dan in lekentaal of weglaten!",2,video,1,spanning,Relaxatie fonatie,Liptriller,Het laten trillen van je lippen zorgt voor ontspanning in je keel en een goede sluiting van je stemplooien. Het is een prima manier om je stem 'op te warmen'.,https://streamable.com/l/0wh5wy/mp4.mp4,https://voicebuddy.s3.eu-central-1.amazonaws.com/Oef+6+liptriller.png,spanning,Relaxatie fonatie,Liptriller,Het laten trillen van je lippen zorgt voor ontspanning in je keel en een goede sluiting van je stemplooien. Het is een prima manier om je stem 'op te warmen'.,https://streamable.com/l/0wh5wy/mp4.mp4,https://voicebuddy.s3.eu-central-1.amazonaws.com/Oef+6+liptriller.png,tension,Relaxation Fonation,Lip triller,Making your lips vibrate ensures relaxation in your throat and a good closure of your vocal folds. It is a great way to 'warm up' your voice.,https://streaMe.com/l/0WH5WY/MP4.MP4,https://voiceBuddy.s3.eu-central-1.amazons.com/oef+6+liptriller.png,tension,Police de relaxation,Trille à lèvres,Faire vibrer vos lèvres garantit la relaxation dans votre gorge et une bonne fermeture de vos plis vocaux. C'est un excellent moyen de «réchauffer» votre voix.,https://strememe.com/l/0wh5wy/mp4.mp4,https://voicebuddy.s3.eu-central-1.amazons.com/oef+6+liptriller.png,
7,"ZZ/VV oefening
Doel:
-Betere stemplooisluiting
- verleggen spanning van larynx naar resonatoren met als gevolg meer ontspannen fonatie",2,video,1,spanning,Relaxatie fonatie,ZZ/VV oefening,Geluid maken op ZZ en VV verkleint de kans dat je spanning zet rond je stemplooien. Hierdoor kunnen ze beter trillen en sluiten.,https://streamable.com/l/dvq1ik/mp4-high.mp4,https://voicebuddy.s3.eu-central-1.amazonaws.com/Oef+6+zz_vv.png,spanning,Relaxatie fonatie,ZZ/VV oefening,Geluid maken op ZZ en VV verkleint de kans dat je spanning zet rond je stemplooien. Hierdoor kunnen ze beter trillen en sluiten.,https://streamable.com/l/dvq1ik/mp4-high.mp4,https://voicebuddy.s3.eu-central-1.amazonaws.com/Oef+6+zz_vv.png,tension,Relaxation Fonation,ZZ/VV Exercise,Making a sound on ZZ and VV reduces the chance that you put tension around your vocal folds. This allows them to vibrate and close better.,https://streaamable.com/l/dvq1ik/mp4-high.mp4,https://voiceBuddy.s3.eu-central-1.amazons.com/oef+6+ZZ_VV.PNG,tension,Police de relaxation,Exercice ZZ / VV,Faire un son sur ZZ et VV réduit les chances que vous mettiez la tension autour de vos plis vocaux. Cela leur permet de vibrer et de se fermer mieux.,https://streamable.com/l/dvq1ik/mp4-high.mp4,https://voicebuddy.s3.eu-central-1.amazons.com/oef+6+zz_vv.png,
8,"Stretchen 
Doel:
-verbeteren lichaamshouding
-stressvermindering door ontspannen spieren
-vermijden onnodige spanning keelgebied.",2,video,1,spanning,Relaxatie fonatie,Stretchen,"Door je spieren te rekken, verbeter je je lichaamshouding en voorkom je onnodige spanning in het keelgebied.",https://streamable.com/l/nl7ohy/mp4-high.mp4,https://voicebuddy.s3.eu-central-1.amazonaws.com/Oef+8+stretch.png,spanning,Relaxatie fonatie,Stretchen,"Door je spieren te rekken, verbeter je je lichaamshouding en voorkom je onnodige spanning in het keelgebied.",https://streamable.com/l/nl7ohy/mp4-high.mp4,https://voicebuddy.s3.eu-central-1.amazonaws.com/Oef+8+stretch.png,tension,Relaxation Fonation,Stretch,"By stretching your muscles, you improve your posture and prevent unnecessary tension in the throat area.",https://streaamable.com/l/nl7ohy/mp4-high.mp4,https://voiceBuddy.s3.eu-central-1.amazonaws.com/oef+8+stretch.png,tension,Police de relaxation,Extensible,"En étirant vos muscles, vous améliorez votre posture et empêchez les tensions inutiles dans la gorge.",https://streamable.com/l/nl7ohy/mp4-high.mp4,https://voicebuddy.s3.eu-central-1.amazonaws.com/oef+8+stretch.png,
9,"Roepoefening
Doel:
-Verbeteren van stembelastbaarheid
-versterken orale resonans
-Gebruik maken voorwaartse projectie",2,video,1,stem-productie,"adem, volume",Roepoefening ,"Wanneer je je stem vanuit je adem ondersteunt, kun je op een gezonde manier het volume van je stem vergroten en verbeteren je je stembelastbaarheid.
",https://streamable.com/l/zyreve/mp4-high.mp4,https://voicebuddy.s3.eu-central-1.amazonaws.com/Oef+9+roepoefening.png,stem-productie,"adem, volume",Roepoefening ,"Wanneer je je stem vanuit je adem ondersteunt, kun je op een gezonde manier het volume van je stem vergroten en verbeteren je je stembelastbaarheid.
",https://streamable.com/l/zyreve/mp4-high.mp4,https://voicebuddy.s3.eu-central-1.amazonaws.com/Oef+9+roepoefening.png,voice production,"breath, volume",Calling exercise,"When you support your voice from your breath, you can increase the volume of your voice in a healthy way and improve your votability.
",https://streaMe.com/l/ZREVE/MP4-HIGH.MP4,https://voiceBuddy.s3.eu-central-1.amazons.com/oef+9+Arkefing.png,Production vocale,"Respiration, volume",Exercice de révise,"Lorsque vous soutenez votre voix de votre souffle, vous pouvez augmenter le volume de votre voix de manière saine et améliorer votre votabilité.
",https://strememe.com/l/zreve/mp4-high.mp4,https://voicebuddy.s3.eu-central-1.amazons.com/oef+9+arkefing.png,
10,"Roepoefening met beweging
Doel:
- Door gebruik te maken van beweging vermijd je teveel spanning in het keelgebied. En verbeter je stembelastbaarheid
-versterken orale resonans
-Gebruik maken voorwaartse projectie",2,video,1,stem-productie,"adem, volume",Roepoefening met beweging,Als je gebruik maakt van beweging en het richten van je klank voorkom je teveel spanning in het keelgebied en kun je op een gezonden manier het volume van je stem vergroten.,https://streamable.com/l/7gv1t5/mp4.mp4,https://voicebuddy.s3.eu-central-1.amazonaws.com/Oef+10+roepen+met+beweging.png,stem-productie,"adem, volume",Roepoefening met beweging,Als je gebruik maakt van beweging en het richten van je klank voorkom je teveel spanning in het keelgebied en kun je op een gezonden manier het volume van je stem vergroten.,https://streamable.com/l/7gv1t5/mp4.mp4,https://voicebuddy.s3.eu-central-1.amazonaws.com/Oef+10+roepen+met+beweging.png,voice production,"breath, volume",Call exercise with movement,"If you use movement and focus your sound, you prevent too much tension in the throat area and you can increase the volume of your voice in a sent way.",https://streaamable.com/l/7gv1t5/mp4.mp4,https://voiceBuddy.s3.eu-central-1.amazonaws.com/oef+10+beetings+met+ movement.png,Production vocale,"Respiration, volume",Appeler l'exercice avec mouvement,"Si vous utilisez le mouvement et concentrez votre son, vous empêchez trop de tension dans la zone de la gorge et vous pouvez augmenter le volume de votre voix de manière envoyée.",https://streamable.com/l/7gv1t5/mp4.mp4,https://voicebuddy.S3,
11,"Roepoefening met beweging toepassen
Doel:
- Door gebruik te maken van beweging vermijd je teveel spanning in het keelgebied. En verbeter je stembelastbaarheid
-versterken orale resonans
-Gebruik maken voorwaartse projectie",2,video,1,stem-productie,"adem, volume",Roepoefening met beweging toepassen,Door de ontspanning vanuit de roepoefening met beweging mee te nemen naar het normale spreken voorkom je teveel spanning in het keelgebied en kun je op een gezonden manier het volume van je stem vergroten.,https://streamable.com/l/sfvd97/mp4.mp4,https://voicebuddy.s3.eu-central-1.amazonaws.com/Oef+11+roepen+toepassen+beweging.png,stem-productie,"adem, volume",Roepoefening met beweging toepassen,Door de ontspanning vanuit de roepoefening met beweging mee te nemen naar het normale spreken voorkom je teveel spanning in het keelgebied en kun je op een gezonden manier het volume van je stem vergroten.,https://streamable.com/l/sfvd97/mp4.mp4,https://voicebuddy.s3.eu-central-1.amazonaws.com/Oef+11+roepen+toepassen+beweging.png,voice production,"breath, volume",Apply call exercise with movement,"By taking the relaxation from the calling exercise with movement to normal speaking, you prevent too much tension in the throat area and you can increase the volume of your voice in a sent way.",https://streaamable.com/l/sfvd97/mp4.mp4,https://voiceBuddy.s3.eu-central-1.amazonaws.com/oef+11+-Groups+toPassen+ movement.png,Production vocale,"Respiration, volume",Appliquer de l'exercice d'appel avec mouvement,"En prenant la relaxation de l'exercice d'appel avec un mouvement à une parole normale, vous empêchez trop de tension dans la gorge et vous pouvez augmenter le volume de votre voix de manière envoyée.",https://streamable.com/l/sfvd97/mp4.mp4,https://voicebuddy.s3.eu-central-1.amazons.com/oef+11+-groups+topassen+ mouvement.png,
12,"Accent oefening Largo
Doel:
trainen van het ademritme, de stemgeving en de spraak om adem-stemkoppeling te verbeteren.",2,video,1,stem-productie,"Adembeheersing, sluiting, trilling",Accent oefening Largo,Door gebruik te maken van het ritme van je ademhaling worden stem en adem goed op elkaar afgestemd zodat je je stem ontspannen kan inzetten.,https://streamable.com/l/1drabr/mp4.mp4,https://voicebuddy.s3.eu-central-1.amazonaws.com/Oef+12+accent+largo.png,stem-productie,"Adembeheersing, sluiting, trilling",Accent oefening Largo,Door gebruik te maken van het ritme van je ademhaling worden stem en adem goed op elkaar afgestemd zodat je je stem ontspannen kan inzetten.,https://streamable.com/l/1drabr/mp4.mp4,https://voicebuddy.s3.eu-central-1.amazonaws.com/Oef+12+accent+largo.png,voice production,"Breathing control, closure, vibration",Accent exercise largo,"By using the rhythm of your breathing, voice and breath are well coordinated so that you can use your voice relaxed.",https://streaamable.com/l/drabr/mp4.mp4,https://voiceBuddy.s3.eu-central-1.amazons.com/oef+12+accent+Largo.png,Production vocale,"Contrôle de la respiration, fermeture, vibration",Accent exercice largo,"En utilisant le rythme de votre respiration, la voix et la respiration sont bien coordonnées afin que vous puissiez utiliser votre voix détendue.",https://streamable.com/l/drabr/mp4.mp4,https://voicebuddy.s3.eu-central-1.amazons.com/oef+12+accent+largo.png,
13,"Accent oefening Andante
Doel:
trainen van het ademritme, de stemgeving en de spraak om adem-stemkoppeling te verbeteren.",2,video,1,stem-productie,"Adembeheersing, sluiting, trilling",Accent oefening Andante,Door gebruik te maken van het ritme van je ademhaling worden stem en adem goed op elkaar afgestemd zodat je je stem ontspannen kan inzetten.,https://streamable.com/l/pm76v8/mp4.mp4,https://voicebuddy.s3.eu-central-1.amazonaws.com/Oef+13+accent+andante.png,stem-productie,"Adembeheersing, sluiting, trilling",Accent oefening Andante,Door gebruik te maken van het ritme van je ademhaling worden stem en adem goed op elkaar afgestemd zodat je je stem ontspannen kan inzetten.,https://streamable.com/l/pm76v8/mp4.mp4,https://voicebuddy.s3.eu-central-1.amazonaws.com/Oef+13+accent+andante.png,voice production,"Breathing control, closure, vibration",Accent exercise Andante,"By using the rhythm of your breathing, voice and breath are well coordinated so that you can use your voice relaxed.",https://streaamable.com/l/pm76v8/mp4.mp4,https://voiceBuddy.s3.eu-central-1.amazons.com/oef+13+accent+andante.png,Production vocale,"Contrôle de la respiration, fermeture, vibration",Exercice d'accent et d'Andante,"En utilisant le rythme de votre respiration, la voix et la respiration sont bien coordonnées afin que vous puissiez utiliser votre voix détendue.",https://streamable.com/l/pm76v8/mp4.mp4,https://voicebuddy.s3.eu-central-1.amazons.com/oef+13+accent+andante.png,
14,"Accent oefening Allegro
Doel:
trainen van het ademritme, de stemgeving en de spraak om adem-stemkoppeling te verbeteren.",2,video,1,stem-productie,"Adembeheersing, sluiting, trilling",Accent oefening Allegro,Door gebruik te maken van het ritme van je ademhaling worden stem en adem goed op elkaar afgestemd zodat je je stem ontspannen kan inzetten.,https://streamable.com/l/1nij14/mp4-high.mp4,https://voicebuddy.s3.eu-central-1.amazonaws.com/Oef+14+accent+allegro.png,stem-productie,"Adembeheersing, sluiting, trilling",Accent oefening Allegro,Door gebruik te maken van het ritme van je ademhaling worden stem en adem goed op elkaar afgestemd zodat je je stem ontspannen kan inzetten.,https://streamable.com/l/1nij14/mp4-high.mp4,https://voicebuddy.s3.eu-central-1.amazonaws.com/Oef+14+accent+allegro.png,voice production,"Breathing control, closure, vibration",Accent exercise Allegro,"By using the rhythm of your breathing, voice and breath are well coordinated so that you can use your voice relaxed.",https://streaamable.com/l/1nij14/mp4-high.mp4,https://voiceBuddy.s3.eu-central-1.amazons.com/oef+14+accent+allegro.png,Production vocale,"Contrôle de la respiration, fermeture, vibration",Accent exercice allegro,"En utilisant le rythme de votre respiration, la voix et la respiration sont bien coordonnées afin que vous puissiez utiliser votre voix détendue.",https://streamable.com/l/1nij14/mp4-high.mp4,https://voicebuddy.s3.eu-central-1.amazons.com/oef+14+accent+allegro.png,
15,"Accent oefening Toepassen
Doel:
Verbeterde adem-stemkoppeling toepassen in dagelijkse spraak.",2,video,1,stem-productie,"Adembeheersing, sluiting, trilling",Accent oefening toepassen,Het toepassen van een goed gecoördineerde adem en stem in de dagelijkse spraak voorkomt onnodige spanning tijdens het spreken.,https://streamable.com/l/xwky1v/mp4.mp4,https://voicebuddy.s3.eu-central-1.amazonaws.com/Oef+15+accent+toepassen.png,stem-productie,"Adembeheersing, sluiting, trilling",Accent oefening toepassen,Het toepassen van een goed gecoördineerde adem en stem in de dagelijkse spraak voorkomt onnodige spanning tijdens het spreken.,https://streamable.com/l/xwky1v/mp4.mp4,https://voicebuddy.s3.eu-central-1.amazonaws.com/Oef+15+accent+toepassen.png,voice production,"Breathing control, closure, vibration",Apply accent exercise,Applying a well -coordinated breath and voice in daily speech prevents unnecessary tension while speaking.,https://streaamable.com/l/xwky1v/mp4.mp4,https://voiceBuddy.s3.eu-central-1.amazons.com/oef+15+accent+toepassen.png,Production vocale,"Contrôle de la respiration, fermeture, vibration",Appliquer un exercice d'accent,L'application d'une respiration et d'une voix bien coordonnées dans le discours quotidien empêche la tension inutile pendant la parole.,https://streamable.com/l/xwky1v/mp4.mp4,https://voicebuddy.s3.eu-central-1.amazons.com/oef+15+accent+toepassen.png,
16,"Triangulaire ademhaling
Doel:
-bevordering lage ademhaling
-verlagen van stressgevoel
-Hoofd leeg maken",2,video,1,stem-productie,"Adembeheersing, ontspanning",Triangulaire ademhaling,"Een langzame, gedoseerde adem stimuleert een ontspannen en lage buikademhaling. Dit kan ook het stressgevoel verlagen.",https://streamable.com/l/bmrt5c/mp4-high.mp4,https://voicebuddy.s3.eu-central-1.amazonaws.com/Oef+16+triangulaire+ademhaling+kopie.png,stem-productie,"Adembeheersing, ontspanning",Triangulaire ademhaling,"Een langzame, gedoseerde adem stimuleert een ontspannen en lage buikademhaling. Dit kan ook het stressgevoel verlagen.",https://streamable.com/l/bmrt5c/mp4-high.mp4,https://voicebuddy.s3.eu-central-1.amazonaws.com/Oef+16+triangulaire+ademhaling+kopie.png,voice production,"Breathing control, relaxation",Triangular breathing,"A slow, dosed breath stimulates a relaxed and low abdominal breathing. This can also lower the feeling of stress.",https://streaamable.com/l/bmrt5c/mp4-high.mp4,https://voiceBuddy.s3.eu-central-1.amazons.com/oef+16+Triangular+Alenting+kopie.png,Production vocale,"Contrôle de la respiration, relaxation",Respiration triangulaire,Une respiration lente et dosée stimule une respiration abdominale détendue et faible. Cela peut également réduire la sensation de stress.,https://streamable.com/l/bmrt5c/mp4-high.mp4,https://voicebuddy.s3.eu-central-1.amazons.com/oef+16+triangular+alenting+kopie.png,
17,"Loslaat oefening
Doel:
Nauwkeurig doseren van de adem gebruik makend van de natuurlijke adembeweging, zodat iedere gewenste vorm van stemproductie mogelijk is.",2,video,1,stem-productie,Adembeheersing,Loslaat oefening,Een gedoseerde en gecontroleerde in- en uitademing zorgen ervoor dat spanning in het keelgebied wordt voorkomen en de inademing moeiteloos verloopt.,https://streamable.com/l/2u1vcd/mp4.mp4,https://voicebuddy.s3.eu-central-1.amazonaws.com/Oef+17+loslaatoef+kopie.png,stem-productie,Adembeheersing,Loslaat oefening,Een gedoseerde en gecontroleerde in- en uitademing zorgen ervoor dat spanning in het keelgebied wordt voorkomen en de inademing moeiteloos verloopt.,https://streamable.com/l/wxeeiq/mp4.mp4,https://voicebuddy.s3.eu-central-1.amazonaws.com/Oef+17+loslaatoef+kopie.png,voice production,Breathing control,Let go of exercise,A dosed and controlled inhalation and exhalation ensure that tension is prevented in the throat area and the inhalation runs effortlessly.,https://streaMe.com/l/WXEEIQ/MP4.MP4,https://voiceBuddy.s3.eu-central-1.amazons.com/oef+17+LaSlaatoef+kopie.png,Production vocale,Contrôle des briseurs,Lâcher prise ou faire de l'exercice,Une inhalation et l'expiration dosées et contrôlées garantissent que la tension est empêchée dans la zone de la gorge et que l'inhalation fonctionne d'effort.,https://strememe.com/l/wxeeiq/mp4.mp4,https://voicebuddy.s3.eu-central-1.amazons.com/oef+17+laslaatoef+kopie.png,
18,"Steminzet bij klinkers
Doel:
Het starten van klinkers zonder ongewenste spanning in de keelregio.",2,video,1,stem-productie,"Fonatie, Sluiting, spanning",Steminzet bij klinkers,Het starten van klinkers zonder ongewenste spanning in de keelregio.,https://streamable.com/l/wxeeiq/mp4.mp4,https://voicebuddy.s3.eu-central-1.amazonaws.com/Oef+18+steminzetten+bij+klinkers+kopie.png,stem-productie,"Fonatie, Sluiting, spanning",Steminzet bij klinkers,Het starten van klinkers zonder ongewenste spanning in de keelregio.,https://streamable.com/l/v7veui/mp4-high.mp4,https://voicebuddy.s3.eu-central-1.amazonaws.com/Oef+18+steminzetten+bij+klinkers+kopie.png,voice production,"Phonation, closure, tension",Voice deployment in Klinkers,Starting vowels without unwanted tension in the throat region.,https://streaamable.com/l/v7veui/mp4-high.mp4,https://voiceBuddy.s3.eu-central-1.amazons.com/oef+18+stemin sets+bij+klinkers+kopie.png,Production vocale,"Phonation, fermeture, tension",Déploiement vocal dans les voyelles,Démarrer les voyelles sans tension indésirable dans la région de la gorge.,https://streamable.com/l/v7veui/mp4-high.mp4,https://voicebuddy.s3.eu-central-1.amazons.com/oef+18+stemin sets + at + klinkers + copy.png,
19,"Klassieke resonans vrouw
Doel:
-Meer draagkrachtige en doordringende stem
-betere stemplooisluiting 
- verleggen spanning van larynx naar resonatoren met als gevolg meer ontspannen fonatie",2,video,1,stem-productie,resonans,Klassieke resonans vrouw,"Resonansoefeningen zorgen ervoor dat je de holtes boven je stemplooien optimaal gebruikt, zodat je een ontspannen, draagkrachtig en helder stemgeluid ontwikkelt.",https://streamable.com/l/v7veui/mp4-high.mp4,https://voicebuddy.s3.eu-central-1.amazonaws.com/Oef+19+resonans+vrouw+kopie.png,stem-productie,resonans,Klassieke resonans vrouw,"Resonansoefeningen zorgen ervoor dat je de holtes boven je stemplooien optimaal gebruikt, zodat je een ontspannen, draagkrachtig en helder stemgeluid ontwikkelt.",https://streamable.com/l/v7veui/mp4-high.mp4,https://voicebuddy.s3.eu-central-1.amazonaws.com/Oef+19+resonans+vrouw+kopie.png,voice production,resonans,Classic Resonan Woman,"Resonans exercises ensure that you use the cavities above your vocal folds optimally, so that you develop a relaxed, strong and clear voice.",https://streaamable.com/l/v7veui/mp4-high.mp4,https://voiceBuddy.s3.eu-central-1.amazons.com/oef+19+RESONANS+woman+kopie.png,Production vocale,Resonans,Femme de résonane classique,"Les exercices de résonans vous assurent d'utiliser les cavités au-dessus de vos plis vocaux de manière optimale, afin de développer une voix détendue, forte et claire.",https://streamable.com/l/v7veui/mp4-high.mp4,https://voicebuddy.s3.eu-central-1.amazons.com/oef+19+Resonans+woman+kopie.png,144
20,"Klassieke resonans transfer vrouw
Doel: 
-inzetten van draagkrachtige, ontspannen en ontspannen stem in dagelijkse spraak.",2,video,1,stem-productie,resonans,Klassieke resonans toepassen vrouw,"Door het stemgeluid vanuit de resonansoefening mee te nemen naar het normale spreken, ontwikkel je een ontspannen, heldere en draagkrachtig stem.",https://streamable.com/l/frs9uw/mp4-high.mp4,https://voicebuddy.s3.eu-central-1.amazonaws.com/Oef+20+resonans+toepassen+vrouw+kopie.png,stem-productie,resonans,Klassieke resonans toepassen vrouw,"Door het stemgeluid vanuit de resonansoefening mee te nemen naar het normale spreken, ontwikkel je een ontspannen, heldere en draagkrachtig stem.",https://streamable.com/l/frs9uw/mp4-high.mp4,https://voicebuddy.s3.eu-central-1.amazonaws.com/Oef+20+resonans+toepassen+vrouw+kopie.png,voice production,resonans,Classic resonans apply woman,"By taking the voice from the resonance exercise to normal speaking, you develop a relaxed, clear and carrying voice.",https://streaamable.com/l/frs9uw/mp4-high.mp4,https://voiceBuddy.s3.eu-central-1.amazonaws.com/oef+20+resonans+toPassen+woman+kopie.png,Production vocale,Resonans,Les résonans classiques appliquent une femme,"En prenant la voix de l'exercice de résonance à la parole normale, vous développez une voix détendue, claire et portant.",https://streamable.com/l/frs9uw/mp4-high.mp4,https://voicebuddy.s3.eu-central-1.amazonaws.com/oef+20+Resonans+topassen+woman+kopie.png,
21,"Klassieke resonans man
Doel:
-Meer draagkrachtige en doordringende stem
-betere stemplooisluiting 
- verleggen spanning van larynx naar resonatoren met als gevolg meer ontspannen fonatie",2,video,1,stem-productie,resonans,Klassieke resonans man,"Resonansoefeningen zorgen ervoor dat je de holtes boven je stemplooien optimaal gebruikt, zodat je een ontspannen, draagkrachtig en helder stemgeluid ontwikkelt.",https://streamable.com/l/rds11s/mp4.mp4,https://voicebuddy.s3.eu-central-1.amazonaws.com/Oef+21+resonans+man+kopie.png,stem-productie,resonans,Klassieke resonans man,"Resonansoefeningen zorgen ervoor dat je de holtes boven je stemplooien optimaal gebruikt, zodat je een ontspannen, draagkrachtig en helder stemgeluid ontwikkelt.",https://streamable.com/l/rds11s/mp4.mp4,https://voicebuddy.s3.eu-central-1.amazonaws.com/Oef+21+resonans+man+kopie.png,voice production,resonans,Classic resonance man,"Resonans exercises ensure that you use the cavities above your vocal folds optimally, so that you develop a relaxed, strong and clear voice.",https://streaamable.com/l/rds11s/mp4.mp4,https://voiceBuddy.s3.eu-central-1.amazons.com/oef+21+resonans+man+kopie.png,Production vocale,Resonans,Homme de résonance classique,"Les exercices de résonans vous assurent d'utiliser les cavités au-dessus de vos plis vocaux de manière optimale, afin de développer une voix détendue, forte et claire.",https://streamable.com/l/rds11s/mp4.mp4,https://voicebuddy.s3.eu-central-1.amazons.com/oef+21+Resonans+man+kopie.png,122
22,"Klassieke resonans transfer man
Doel:
-inzetten van draagkrachtige, ontspannen en ontspannen stem in dagelijkse spraak.",2,video,1,stem-productie,resonans,Klassieke resonans toepassen man,"Door het stemgeluid vanuit de resonansoefening mee te nemen naar het normale spreken, ontwikkel je een ontspannen, heldere en draagkrachtig stem.",https://streamable.com/l/q7ud9v/mp4.mp4,https://voicebuddy.s3.eu-central-1.amazonaws.com/Oef+22+resonans+toepassen+man+kopie.png,stem-productie,resonans,Klassieke resonans toepassen man,"Door het stemgeluid vanuit de resonansoefening mee te nemen naar het normale spreken, ontwikkel je een ontspannen, heldere en draagkrachtig stem.",https://streamable.com/l/q7ud9v/mp4.mp4,https://voicebuddy.s3.eu-central-1.amazonaws.com/Oef+22+resonans+toepassen+man+kopie.png,voice production,resonans,Apply classic resonans man,"By taking the voice from the resonance exercise to normal speaking, you develop a relaxed, clear and carrying voice.",https://streaamable.com/l/q7ud9v/mp4.mp4,https://voiceBuddy.s3.eu-central-1.amazons.com/oef+22+resonans+toPassen+man+kopie.png,Production vocale,Resonans,Appliquer un homme de résonans classique,"En prenant la voix de l'exercice de résonance à la parole normale, vous développez une voix détendue, claire et portant.",https://streamable.com/l/q7ud9v/mp4.mp4,https://voicebuddy.s3.eu-central-1.amazons.com/oef+22+resonans+topassen+man+kopie.png,
23,"Kaakdaling
Doel:
-verbeteren verstaanbaarheid
-Grotere orale resonans
(-Beter gebruik ademsteun??)",2,video,1,stem-productie,articulatie,Kaakdaling,"Een goede kaakdaling verbetert de verstaanbaarheid, wordt het geluid beter geprojecteerd en voorkom je onnodig spanning in het keelgebied",https://streamable.com/l/7e3ssy/mp4-high.mp4,https://voicebuddy.s3.eu-central-1.amazonaws.com/Oef+23+kaakdaling+kopie.png,stem-productie,articulatie,Kaakdaling,"Een goede kaakdaling verbetert de verstaanbaarheid, wordt het geluid beter geprojecteerd en voorkom je onnodig spanning in het keelgebied",https://streamable.com/l/7e3ssy/mp4-high.mp4,https://voicebuddy.s3.eu-central-1.amazonaws.com/Oef+23+kaakdaling+kopie.png,voice production,articulation,Decline,"A good jaw decline improves the intelligibility, the sound is better projected and you prevent unnecessary tension in the throat area",https://streaamable.com/l/7e3ssy/mp4-high.mp4,https://voiceBuddy.s3.eu-central-1.amazons.com/oef+23+ Kaakfaling+kopie.png,Production vocale,articulation,Déclin,"Un bon déclin de la mâchoire améliore l'intelligibilité, le son est mieux projeté et vous empêchez une tension inutile dans la gorge",https://streamable.com/l/7e3ssy/mp4-high.mp4,https://voicebuddy.s3.eu-central-1.amazons.com/oef+23+ kaakfaling + copy.png,
24,"Lipronding
Doel:
-Verbeteren verstaanbaarheid 
-beter gebruik ademsteun
-Grotere orale resonans",2,video,1,stem-productie,articulatie,Lipronding,Een goede lipronding verbetert de verstaanbaarheid en wordt het geluid beter geprojecteerd.,https://streamable.com/l/cru9w4/mp4-high.mp4,https://voicebuddy.s3.eu-central-1.amazonaws.com/Oef+24+lipronding+kopie.png,stem-productie,articulatie,Lipronding,Een goede lipronding verbetert de verstaanbaarheid en wordt het geluid beter geprojecteerd.,https://streamable.com/l/cru9w4/mp4-high.mp4,https://voicebuddy.s3.eu-central-1.amazonaws.com/Oef+24+lipronding+kopie.png,voice production,articulation,Lip round,A good lip round improves intelligibility and the sound is better projected.,https://streaamable.com/l/cru9w4/mp4-high.mp4,https://voiceBuddy.s3.eu-central-1.amazons.com/oef+24+lipondring+kopie.png,Production vocale,articulation,Lèvre,Un bon tour de lèvres améliore l'intelligibilité et le son est mieux projeté.,https://streamable.com/l/cru9w4/mp4-high.mp4,https://voicebuddy.s3.eu-central-1.amazons.com/oef+24+lipondring+kopie.png,
25,"Kurkoefening
Doel:
-Verbeteren verstaanbaarheid 
-beter gebruik ademsteun
-Grotere orale resonans",2,video,1,stem-productie,articulatie,Kurkoefening,"Bij de kurkoefening wordt een overdreven articulatie getraind, waardoor de verstaanbaarheid verbetert.",https://streamable.com/l/eryqsc/mp4.mp4,https://voicebuddy.s3.eu-central-1.amazonaws.com/Oef+25+kurkoefening+kopie.png,stem-productie,articulatie,Kurkoefening,"Bij de kurkoefening wordt een overdreven articulatie getraind, waardoor de verstaanbaarheid verbetert.",https://streamable.com/l/eryqsc/mp4.mp4,https://voicebuddy.s3.eu-central-1.amazonaws.com/Oef+25+kurkoefening+kopie.png,voice production,articulation,Cork,"An exaggerated articulation is trained during the cork exercise, which improves the intelligibility.",https://streaamable.com/l/eryqsc/mp4.mp4,https://voiceBuddy.s3.eu-central-1.amazons.com/oef+25+ cork exercise+kopie.png,Production vocale,articulation,Liège,"Une articulation exagérée est formée à la durée de l'exercice en liège, ce qui améliore l'intelligibilité.",https://streamable.com/l/eryqsc/mp4.mp4,https://voicebuddy.s3.eu-central-1.amazons.com/oef+25+ exercice en liège + copy.png,
26,"Tongtriller
Doel:
-Ontspanning kaak en tongbasis
-Verhogen ademsteun",2,video,1,spanning,Relaxatie fonatie,Tongtriller,Een tongtriller zorgt voor ontspanning in je keel en een goede stembandsluiting. Daarnaast vermindert de oefening ook de spanning in (de achterkant van) je tong.,https://streamable.com/l/9fbwma/mp4.mp4,https://voicebuddy.s3.eu-central-1.amazonaws.com/Oef+26+tongtriller+kopie.png,spanning,Relaxatie fonatie,Tongtriller,Een tongtriller zorgt voor ontspanning in je keel en een goede stembandsluiting. Daarnaast vermindert de oefening ook de spanning in (de achterkant van) je tong.,https://streamable.com/l/9fbwma/mp4.mp4,https://voicebuddy.s3.eu-central-1.amazonaws.com/Oef+26+tongtriller+kopie.png,tension,Relaxation Fonation,Tongue,"A tongue vulnerer provides relaxation in your throat and a good vocal band closure. In addition, the exercise also reduces the tension (the back of) your tongue.",https://streaamable.com/l/9fbwma/mp4.mp4,https://voiceBuddy.s3.eu-central-1.amazons.com/oef+26+tongestriller+kopie.png,tension,Police de relaxation,Langue,"Une vulner de la langue fournit une relaxation dans votre gorge et une bonne fermeture de groupe vocale. De plus, l'exercice réduit également la tension (le dos de) votre langue.",https://streamable.com/l/9fbwma/mp4.mp4,https://voicebuddy.s3.eu-central-1.amazons.com/oef+26+tongestriller+kopie.png,
28,Kaakdaling,2,tekst,1,transfer oefenmateriaal,articulatie,Kaakdaling,-,"‘Waarom huil je?’ vraagt Rayen. Hij kijkt naar het huis. ‘Het is niet eerlijk.’ zegt Laura en ze trapt tegen het houten hek. De mannen en vrouwen dragen verhuisdozen naar de vrachtauto. Rayen haalt zijn schouders op. ‘Het is maar Zeeland.’ ‘Het is veel te ver. Wanneer zie ik je dan nog?’ vraagt Laura. ‘Wat denk je van maandag?’ Rayen kruipt in een doos. Laura barst in lachen uit. ‘Plak er maar een sticker op,’ zegt Rayen, ‘dan word ik maandag al thuisbezorgd.’",https://voicebuddy.s3.eu-central-1.amazonaws.com/lezen-a-z.png,transfer oefenmateriaal,articulatie,Kaakdaling,-,"‘Waarom huil je?’ vraagt Rayen. Hij kijkt naar het huis. ‘Het is niet eerlijk.’ zegt Laura en ze trapt tegen het houten hek. De mannen en vrouwen dragen verhuisdozen naar de vrachtauto. Rayen haalt zijn schouders op. ‘Het is maar Zeeland.’ ‘Het is veel te ver. Wanneer zie ik je dan nog?’ vraagt Laura. ‘Wat denk je van maandag?’ Rayen kruipt in een doos. Laura barst in lachen uit. ‘Plak er maar een sticker op,’ zegt Rayen, ‘dan word ik maandag al thuisbezorgd.’",https://voicebuddy.s3.eu-central-1.amazonaws.com/lezen-a-z.png,Transfer practice material,articulation,Decline,-,"""Why are you crying?"" Rayen asks. He looks at the house. ""It's not fair,"" says Laura and she kicks the wooden gate. The men and women wear moving boxes to the truck. Rayen shrugs. ""It's just Zeeland."" ""It's way too far. When will I see you? ""Laura asks. ""What do you think about Monday?"" Rayen crawls in a box. Laura bursts out laughing. ""Stick a sticker on it,"" says Rayen, ""then I'll be delivered to your home on Monday.""",https://voiceBuddy.s3.eu-central-1.amazonaws.com/lezen-az.png,Transférer le matériel de pratique,articulation,Déclin,-,"""Pourquoi pleures-tu?"" Demande Rayen. Il regarde la maison. ""Ce n'est pas juste"", explique Laura et elle donne un coup de pied à la porte en bois. Les hommes et les femmes portent des boîtes de déménagement dans le camion. Rayen Shugs. ""C'est juste Zélande."" ""C'est beaucoup trop loin. Quand te verrai-je?"", Demande Laura. ""Que pensez-vous de lundi?"" Rayen rampe dans une boîte. Laura éclate de rire. ""Collez un autocollant dessus"", dit Rayen, ""puis je serai livré à votre maison lundi.""",https://voicebuddy.s3.eu-central-1.amazonaws.com/lezen-az.png,
29,lipronding,2,tekst,1,transfer oefenmateriaal,articulatie,lipronding,-,"Mo de mot kroop in de kast. Er hingen broeken in allerlei kleuren. De leukste was de rode. Toen Mo nog een larve was, had hij er een minuscuul hapje uit genomen. De broek was niet alleen mooi, hij smaakte ook goed, naar zure matten. Mo wilde er ook wel één. Plots vloog de kastdeur open. Met een ruk trok Laura de broek eruit. ‘Bah, een mot!’ zei Rayen. ‘Nee, dat is mijn vlinder.’ antwoordde Laura. Ze duwde de deur dicht. Mo was de broek acuut vergeten. Nog nooit had iemand hem zo genoemd. Uren vloog hij rondjes door de kast.",https://voicebuddy.s3.eu-central-1.amazonaws.com/lezen-a-z.png,transfer oefenmateriaal,articulatie,lipronding,-,"Mo de mot kroop in de kast. Er hingen broeken in allerlei kleuren. De leukste was de rode. Toen Mo nog een larve was, had hij er een minuscuul hapje uit genomen. De broek was niet alleen mooi, hij smaakte ook goed, naar zure matten. Mo wilde er ook wel één. Plots vloog de kastdeur open. Met een ruk trok Laura de broek eruit. ‘Bah, een mot!’ zei Rayen. ‘Nee, dat is mijn vlinder.’ antwoordde Laura. Ze duwde de deur dicht. Mo was de broek acuut vergeten. Nog nooit had iemand hem zo genoemd. Uren vloog hij rondjes door de kast.",https://voicebuddy.s3.eu-central-1.amazonaws.com/lezen-a-z.png,Transfer practice material,articulation,lip round,-,"Mo de Mot crawled into the cupboard. There were trousers in all kinds of colors. The nicest was the red one. When Mo was another larva, he had taken a tiny snack out. The pants were not only beautiful, it also tasted good, to sour mats. Mo also wanted one. Suddenly the cupboard door flew open. Laura pulled out the pants with a jerk. ""Bah, a moth!"" Rayen said. ""No, that's my butterfly."" Laura replied. She closed the door. Mo had forgotten the pants. Never had anyone called him that. For hours he flew around the cupboard.",https://voiceBuddy.s3.eu-central-1.amazonaws.com/lezen-az.png,Transférer le matériel de pratique,articulation,Lèvre,-,"Mo de Mot rampa dans le placard. Il y avait un pantalon dans toutes sortes de couleurs. Le plus gentil était le rouge. Quand Mo était une autre larve, il avait des tâches une petite collation. Le pantalon n'était pas seulement beau, il avait également un goût bon pour les tapis aigres. Mo en voulait aussi un. Soudain, le placard en s'ouvrant. Laura a sorti le pantalon avec un con. ""Bah, un papillon!"" Dit Rayen. ""Non, c'est mon papillon."" Répondit Laura. Elle a fermé la porte. Mo avait oublié le pantalon. Jamais personne ne l'avait appelé ça. Pendant des heures, il a volé dans le placard.",https://voicebuddy.s3.eu-central-1.amazonaws.com/lezen-az.png,
30,"kurkoefening
Doel:
-Verbeteren verstaanbaarheid 
-beter gebruik ademsteun
-Grotere orale resonans",2,tekst,1,transfer oefenmateriaal,articulatie,kurkoefening,"Bij de kurkoefening wordt een overdreven articulatie getraind, waardoor de verstaanbaarheid verbetert.","O<b>p</b> <b>W</b>oensdag eet Rayen <b>b</b>ij Laura. <b>M</b>et z’n <b>v</b>ij<b>v</b>en o<b>m</b> de grote ta<b>f</b>el. Thuis, <b>b</b>ij zijn <b>v</b>ader, eten ze <b>m</b>et een <b>b</b>ord o<b>p</b> schoot, en <b>v</b>oet<b>b</b>al o<b>p</b> tee<b>v</b>ee. Hier staan <b>f</b>linke <b>p</b>annen o<b>p</b> ze te <b>w</b>achten, <b>v</b>ol <b>p</b>asta en <b>b</b>olognesesaus. O<b>m</b> er<b>v</b>oor te zorgen dat Laura’s <b>b</b>roertje ook <b>m</b>ee eet, <b>m</b>aakt Laura’s <b>m</b>oeder een <b>v</b>liegtuig <b>v</b>an de <b>v</b>ork. Het <b>v</b>lees <b>v</b>alt er<b>v</b>an a<b>f</b>, een noodlanding o<b>p</b> de grond. <b>M</b>onster, de kat, is er <b>v</b>lug <b>b</b>ij. Laura’s <b>v</b>ader <b>p</b>rikt <b>w</b>at <b>p</b>asta o<b>p</b> zijn <b>v</b>ork. ‘En, Rayen, jongen, <b>w</b>at <b>w</b>il jij later <b>w</b>orden?’ Hij <b>w</b>eet het <b>m</b>eteen. ‘Een gezin.’ ant<b>w</b>oord hij.",https://voicebuddy.s3.eu-central-1.amazonaws.com/lezen-a-z.png,transfer oefenmateriaal,articulatie,kurkoefening,"Bij de kurkoefening wordt een overdreven articulatie getraind, waardoor de verstaanbaarheid verbetert.","O<b>p</b> <b>W</b>oensdag eet Rayen <b>b</b>ij Laura. <b>M</b>et z’n <b>v</b>ij<b>v</b>en o<b>m</b> de grote ta<b>f</b>el. Thuis, <b>b</b>ij zijn <b>v</b>ader, eten ze <b>m</b>et een <b>b</b>ord o<b>p</b> schoot, en <b>v</b>oet<b>b</b>al o<b>p</b> tee<b>v</b>ee. Hier staan <b>f</b>linke <b>p</b>annen o<b>p</b> ze te <b>w</b>achten, <b>v</b>ol <b>p</b>asta en <b>b</b>olognesesaus. O<b>m</b> er<b>v</b>oor te zorgen dat Laura’s <b>b</b>roertje ook <b>m</b>ee eet, <b>m</b>aakt Laura’s <b>m</b>oeder een <b>v</b>liegtuig <b>v</b>an de <b>v</b>ork. Het <b>v</b>lees <b>v</b>alt er<b>v</b>an a<b>f</b>, een noodlanding o<b>p</b> de grond. <b>M</b>onster, de kat, is er <b>v</b>lug <b>b</b>ij. Laura’s <b>v</b>ader <b>p</b>rikt <b>w</b>at <b>p</b>asta o<b>p</b> zijn <b>v</b>ork. ‘En, Rayen, jongen, <b>w</b>at <b>w</b>il jij later <b>w</b>orden?’ Hij <b>w</b>eet het <b>m</b>eteen. ‘Een gezin.’ ant<b>w</b>oord hij.",https://voicebuddy.s3.eu-central-1.amazonaws.com/lezen-a-z.png,Transfer practice material,articulation,cork,"An exaggerated articulation is trained during the cork exercise, which improves the intelligibility.","O <b> p </b> <b> w </b> oensdag Eat rayen <b> b </b> ij laura. <b> m </b> et his <b> v </b> ij <b> v </b> and o <b> m </b> the large ta <b> f </b> el. At home, <b> b </b> <b> v </b> vein, they eat <b> m </b> et a <b> b </b> ord o <b> p </// <b> p </b> b> shot, and <b> v </b> oet <b> b </b> al o <b> p </b> tee <b> v </b> ee. Here are <b> f </b> linke <b> p </b> annen o <b> p </b> they <b> w </b> eight, <b> v </b> ol <b> p </b> asta and <b> b </b> olognesesaus. O <b> m </b> er <b> v </b> ear to ensure that Laura's <b> b </b> stirring also <b> m </b> eats ee, <b> m <///n <//s B> Aakt Laura's <b> m </b> Oeder a <b> v </b> lieghuik <b> v </b> an de <b> v </b> ork. The <b> v </b> read <b> v </b> alt <b> v </b> an a <b> f </b>, an emergency landing o <b> p </b> the ground. <b> m </b> inerter, the cat, is <b> v </b> lug <b> b </b> ij. Laura's <b> v </b> vein <b> p </b> rings <b> w </b> at <b> p </b> asta o <b> p </b> are <b> v </b> ork. ""And, rayen, boy, <b> w </b> at <b> w </b> you later <b> w </b> orders?"" He <b> w </b> Eat the </b> B> m </b> eteen. ""A family."" He is <b> w </b>.",https://voiceBuddy.s3.eu-central-1.amazonaws.com/lezen-az.png,Transférer le matériel de pratique,articulation,Liège,"Une articulation exagérée est formée à la durée de l'exercice en liège, ce qui améliore l'intelligibilité.","O <b> p </b> <b> w </b> oensdag manger Rayen <b> b </b> ij laura. <b> m </b> et son <b> v </b> ij <b> v </b> et o <b> m </b> le grand ta <b> f </b> el. À la maison, <b> b </b> <b> v </b> veine, ils mangent <b> m </b> et a <b> b </b> ord o <b> p <// / <b> p </b> b> tir, et <b> v </b> oet <b> b </b> al o <b> p </b> tee <b> v </b> ee. Voici <b> f </b> linke <b> p </b> annen o <b> p </b> ils <b> w </b> huit, <b> v </b> ol < B> P </b> Asta et <b> B </b> OLOGNESESAUS. O <b> m </b> er <b> v </b> oreille pour s'assurer que Laura <b> b </b> remuant aussi <b> m </b> mange ee, <b> m <// / /// n // n <// s b> aakt laura's <b> m </b> oeder a <b> v </b> lieghuik <b> v </b> an de <b> v </b > ork. Le <b> v </b> lire <b> v </b> alt <b> v </b> an a a <b> f </b>, un atterrissage d'urgence o <b> p </b> Le sol. <b> m </b> Inerter, le chat, est <b> v </b> lug <b> b </b> ij. Laura <b> v </b> veine <b> p </b> anneaux <b> w </b> à <b> p </b> Asta o <b> p </b> sont <b> v </b> ork. ""Et, Rayen, garçon, <b> w </b> à <b> w </b> vous plus tard <b> w </b> ordres?"" Il <b> w </b> mange le </b> b> m </b> eteen. ""Une famille."" Il est <b> w </b>.",https://voicebuddy.s3.eu-central-1.amazonaws.com/lezen-az.png,
31,Alveolaire rand,2,tekst,1,transfer oefenmateriaal,articulatie,Alveolaire rand,-,"Op woe<b>nsd</b>ag ee<b>t</b> Raye<b>n</b> bij <b>L</b>aura. Me<b>t</b> <b>z</b>`<b>n</b> vijve<b>n</b> om <b>d</b>e gro<b>t</b>e <b>t</b>afe<b>l</b>. <b>T</b>hui<b>s</b>, bij <b>z</b>ijn va<b>d</b>er, e<b>t</b>e<b>n</b> <b>z</b>e me<b>t</b> ee<b>n</b> bor<b>d</b> op <b>s</b>choo<b>t</b>, e<b>n</b> voe<b>t</b>a<b>l</b> op <b>t</b>eevee. Hier <b>st</b>aa<b>n</b> f<b>l</b>i<b>n</b>ke pa<b>nn</b>e<b>n</b> op <b>z</b>e <b>t</b>e wach<b>t</b>e<b>n</b>, vo<b>l</b> pa<b>st</b>a e<b>n</b> bo<b>l</b>og<b>n</b>e<b>s</b>e<b>s</b>au<b>s</b>. Om ervoor <b>t</b>e <b>z</b>orge<b>n</b> <b>d</b>a<b>t</b> <b>L</b>aura`<b>s</b> broer<b>t</b>je ook mee ee<b>t</b>, maak<b>t</b> <b>L</b>aura`<b>s</b> moe<b>d</b>er ee<b>n</b> v<b>l</b>ieg<b>t</b>uig va<b>n</b> <b>d</b>e vork. He<b>t</b> v<b>l</b>ee<b>s</b> va<b>lt</b> erva<b>n</b> af, ee<b>n</b> <b>n</b>oo<b>dl</b>a<b>nd</b>i<b>n</b>g op <b>d</b>e gro<b>nd</b>. Mo<b>nst</b>er, <b>d</b>e ka<b>t</b>, i<b>s</b> er v<b>l</b>ug bij. <b>L</b>aura`<b>s</b> va<b>d</b>er prik<b>t</b> wa<b>t</b> pa<b>st</b>a op <b>z</b>ij<b>n</b> vork. ‘E<b>n</b>, Raye<b>n</b>, jo<b>n</b>ge<b>n</b>, wa<b>t</b> wi<b>l</b> jij <b>l</b>a<b>t</b>er wor<b>d</b>e<b>n</b>?’ Hij wee<b>t</b> he<b>t</b> me<b>t</b>ee<b>n</b>. ‘Ee<b>n</b> ge<b>z</b>i<b>n</b>. ’a<b>n</b>woor<b>d</b> hij.",https://voicebuddy.s3.eu-central-1.amazonaws.com/lezen-a-z.png,transfer oefenmateriaal,articulatie,Alveolaire rand,-,"Op woe<b>nsd</b>ag ee<b>t</b> Raye<b>n</b> bij <b>L</b>aura. Me<b>t</b> <b>z</b>`<b>n</b> vijve<b>n</b> om <b>d</b>e gro<b>t</b>e <b>t</b>afe<b>l</b>. <b>T</b>hui<b>s</b>, bij <b>z</b>ijn va<b>d</b>er, e<b>t</b>e<b>n</b> <b>z</b>e me<b>t</b> ee<b>n</b> bor<b>d</b> op <b>s</b>choo<b>t</b>, e<b>n</b> voe<b>t</b>a<b>l</b> op <b>t</b>eevee. Hier <b>st</b>aa<b>n</b> f<b>l</b>i<b>n</b>ke pa<b>nn</b>e<b>n</b> op <b>z</b>e <b>t</b>e wach<b>t</b>e<b>n</b>, vo<b>l</b> pa<b>st</b>a e<b>n</b> bo<b>l</b>og<b>n</b>e<b>s</b>e<b>s</b>au<b>s</b>. Om ervoor <b>t</b>e <b>z</b>orge<b>n</b> <b>d</b>a<b>t</b> <b>L</b>aura`<b>s</b> broer<b>t</b>je ook mee ee<b>t</b>, maak<b>t</b> <b>L</b>aura`<b>s</b> moe<b>d</b>er ee<b>n</b> v<b>l</b>ieg<b>t</b>uig va<b>n</b> <b>d</b>e vork. He<b>t</b> v<b>l</b>ee<b>s</b> va<b>lt</b> erva<b>n</b> af, ee<b>n</b> <b>n</b>oo<b>dl</b>a<b>nd</b>i<b>n</b>g op <b>d</b>e gro<b>nd</b>. Mo<b>nst</b>er, <b>d</b>e ka<b>t</b>, i<b>s</b> er v<b>l</b>ug bij. <b>L</b>aura`<b>s</b> va<b>d</b>er prik<b>t</b> wa<b>t</b> pa<b>st</b>a op <b>z</b>ij<b>n</b> vork. ‘E<b>n</b>, Raye<b>n</b>, jo<b>n</b>ge<b>n</b>, wa<b>t</b> wi<b>l</b> jij <b>l</b>a<b>t</b>er wor<b>d</b>e<b>n</b>?’ Hij wee<b>t</b> he<b>t</b> me<b>t</b>ee<b>n</b>. ‘Ee<b>n</b> ge<b>z</b>i<b>n</b>. ’a<b>n</b>woor<b>d</b> hij.",https://voicebuddy.s3.eu-central-1.amazonaws.com/lezen-a-z.png,Transfer practice material,articulation,Alveolar,-,"On woe <b> nsd </b> ag ee <b> t </b> raye <b> n </b> at <b> l </b> aura. Me <b> t </b> <b> z </b> <b> n </b> vijve <b> n </b> to <b> d </b> e gro <b> t </b> e <b> t </b> afe <b> l </b>. <b> t </b> hui <b> s </b>, at <b> z </b> ijn from <b> d </b> er, e <b> t </b> e < b> n </b> <b> z </b> e me <b> t </b> ee <b> n </b> bor <b> d </b> on <b> s <////b> b> choo <b> t </b>, e <b> n </b> voe <b> t </b> a <b> l </b> on <b> t </b> eevee. Here <b> st </b> aa <b> n </b> f <b> l </b> i <b> n </b> pa pa <b> nn </b> e <b> n </b> on <b> z </b> e <b> t </b> e wach <b> t </b> e <b> n </b>, vo <b> l <////me b> pa <b> st </b> a e <b> n </b> bo <b> l </b> og <b> n </b> e <b> s </b> e <b > s </b> au <b> s </b>. To <b> t </b> e <b> z </b> orge <b> n </b> <b> d </b> a <b> t </b> <b> l < /b> aura` <b> s </b> brother <b> t </b> you also participate <b> t </b>, make <b> t </b> <b> l <///n/ b> aura` <b> s </b> tired <b> d </b> er <b> n </b> v <b> l </b> ik <b> t </b> uig va <b> n </b> <b> d </b> e fork. He <b> t </b> v <b> l </b> ee <b> s </b> va <b> lt </b> ira <b> n </b>, ee <b > n </b> <b> n </b> oo <b> dl </b> a <b> nd </b> i <b> n </b> g on <b> d </b > e <b> nd </b>. Mo <b> nst </b> er, <b> d </b> e ka <b> t </b>, i <b> s </b> er v <b> l </b> ug Bee. <b> l </b> aura` <b> s </b> va <b> d </b> er Pick <b> t </b> wa <b> t </b> pa <b> st </b> a on <b> z </b> ij <b> n </b> fork. 'E <b> n </b>, raye <b> n </b>, Jo <b> n </b> ge <b> n </b>, wa <b> t </b> wi <b> l </b> you <b> l </b> a <b> t </b> er Wor <b> d </b> e <b> n </b>? B> t </b> he <b> t </b> me <b> t </b> ee <b> n </b>. ""Ee <b> n </b> ge <b> z </b> i <b> n </b>. ""A <b> n </b> woor <b> d </b> he.",https://voiceBuddy.s3.eu-central-1.amazonaws.com/lezen-az.png,Transférer le matériel de pratique,articulation,Alvéolaire,-,"Sur malheur <b> nsd </b> ag ee <b> t </b> raye <b> n </b> à <b> l </b> aura. Moi <b> t </b> <b> z </b> <b> n </b> vijve <b> n </b> à <b> d </b> e gro <b> t < / b> e <b> t </b> afe <b> l </b>. <b> t </b> hui <b> s </b>, à <b> z </b> ijn de de <b> d </b> er, e <b> t </b> e <b> n </b> <b> z </b> e me <b> t </b> ee <b> n </b> bor <b> d </b> sur <b> s < //// n // b> b> choo <b> t </b>, e <b> n </b> voe <b> t </b> a <b> l </b> sur < b> t </b> eevee. Ici <b> st </b> aa <b> n </b> f <b> l </b> i <b> n </b> pa pa <b> nn </b> e <b> n </b> sur <b> z </b> e <b> t </b> e wach <b> t </b> e <b> n </b>, vo <b> l </ /// me /// me b> pa <b> st </b> a e <b> n </b> bo <b> l </b> og <b> n </b> e <b> S </b> e <b> s </b> au <b> s </b>. À <b> t </b> e <b> z </b> orge <b> n </b> <b> d </b> a <b> t </b> <b> l </ /// n b> aura` <b> s </b> frère <b> t </b> vous participez également <b> t </b>, faites <b> t </b> <b> l <///////// n / b> aura` <b> s </b> fatigué <b> d </b> er <b> n </b> v <b> l </ b > I <b> t </b> uig de <b> n </b> <b> d </b> e fourche. Il <b> t </b> v <b> l </b> ee <b> s </b> va <b> lt </b> ira <b> n </b>, ee <b> n </b> <b> n </b> oo <b> dl </b> a <b> nd </b> i <b> n </b> g sur <b> d </b> E <b> nd </b>. Mo <b> nst </b> er, <b> d </b> e ka <b> t </b>, i <b> s </b> er v <b> l </b> ug Abeille. <b> l </b> aura` <b> s </b> va <b> d </b> er pick <b> t </b> wa <b> t </b> pa <b> st </b> a sur <b> z </b> ij <b> n </b> fourche. 'E <b> n </b>, raye <b> n </b>, Jo <b> n </b> ge <b> n </b>, wa <b> t </b> wi <b> l </b> vous <b> l </b> a <b> t </b> er wor <b> d </b> e <b> n </b>? B> t </b> il <b> t </b> me <b> t </b> ee <b> n </b>. ""EE <b> n </b> ge <b> z </b> i <b> n </b>."" A <b> n </b> woor <b> d </b> he.",https://voicebuddy.s3.eu-central-1.amazonaws.com/lezen-az.png,
32,Resonans M,2,tekst,1,transfer oefenmateriaal,resonans,Resonans M,-,"Monster, de kater met mooie manen, marcheerde door het huis. Hij miste de mensen. Ze waren niet thuis. Maar daar was Mo de mot, midden op zijn neus. ‘Tikkie, jij bent ‘m.’ Mo steeg op, metershoog. Monster maakte zich gereed, mikkend op mosterdgele gordijnen. Zijn monsterklauwen maakten scheuren in het materiaal. ‘Kun je misschien iets lager vliegen,’ mopperde hij. ‘Mij niet gezien, mompelde Mo. Die middag kwamen de mensen thuis. Het was een monsterbende. Van onder de bank miauwde Monster: ‘Maar ik had je mooi wel Mo!’",https://voicebuddy.s3.eu-central-1.amazonaws.com/lezen-m.png,transfer oefenmateriaal,resonans,Resonans M,-,"Monster, de kater met mooie manen, marcheerde door het huis. Hij miste de mensen. Ze waren niet thuis. Maar daar was Mo de mot, midden op zijn neus. ‘Tikkie, jij bent ‘m.’ Mo steeg op, metershoog. Monster maakte zich gereed, mikkend op mosterdgele gordijnen. Zijn monsterklauwen maakten scheuren in het materiaal. ‘Kun je misschien iets lager vliegen,’ mopperde hij. ‘Mij niet gezien, mompelde Mo. Die middag kwamen de mensen thuis. Het was een monsterbende. Van onder de bank miauwde Monster: ‘Maar ik had je mooi wel Mo!’",https://voicebuddy.s3.eu-central-1.amazonaws.com/lezen-m.png,Transfer practice material,resonans,Resonans M,-,"Monster, the hangover with beautiful moons, marched through the house. He missed the people. They were not at home. But there Mo was the moth in the middle of his nose. ""Tikkie, you're"" m. ""Mo rose, meters high. Monster was ready, aiming for mustard yellow curtains. His monster claws made cracks in the material. ""Maybe you can fly a little lower,"" he grumbled. ""Not seen me, Mo. The people came home that afternoon. It was a monster gang. From under the couch Miauwde Monster: ""But I had you beautiful Mo!""",https://voiceBuddy.s3.eu-central-1.amazonaws.com/lezen-m.png,Transférer le matériel de pratique,Resonans,Resonans m,-,"Monster, la gueule de bois avec de belles lunes, a marché dans la maison. Hey a raté les gens. Ils n'étaient pas chez eux. Mais il y avait le papillon au milieu de son nez. ""Tikkie, tu es"" M. ""Mo Rose, des mètres de haut. Monster était prêt, visant des rideaux jaunes moutarde. Ses griffes de monstre ont fait des fissures dans le matériau."" Peut-être que tu peux voler un peu plus bas, ""grommela-t-il."" Non pas. M'a vu, Mo. Les gens sont rentrés à la maison cet après-midi. C'était un couloir monstre. De sous le canapé Miauwde Monster: ""Mais je t'ai eu beau Mo!""",https://voicebuddy.s3.eu-central-1.amazonaws.com/lezen-m.png,
33,Resonans N,2,tekst,1,transfer oefenmateriaal,resonans,Resonans N,-,"Naast het huis nestelt de nachtegaal zich. Laura nadert het nette nest. ‘Nou, mevrouw de nachtegaal, weer wat nieuws.’ Negen schaaltjes had ze al neergezet. Met noten, nagelkaas, nat brood, nectarine, noem maar op. Maar de nachtegaal nam niks. Op het bord kronkelt nu een natte worm. De nachtegaal negeert het. Laura slaat haar ogen neer. Op weg naar huis kijkt ze nog één keer nieuwsgierig achterom. De nachtegaal schrokt de worm naar binnen. Zie je, denkt Laura, nooit opgeven.",https://voicebuddy.s3.eu-central-1.amazonaws.com/lezen-n.png,transfer oefenmateriaal,resonans,Resonans N,-,"Naast het huis nestelt de nachtegaal zich. Laura nadert het nette nest. ‘Nou, mevrouw de nachtegaal, weer wat nieuws.’ Negen schaaltjes had ze al neergezet. Met noten, nagelkaas, nat brood, nectarine, noem maar op. Maar de nachtegaal nam niks. Op het bord kronkelt nu een natte worm. De nachtegaal negeert het. Laura slaat haar ogen neer. Op weg naar huis kijkt ze nog één keer nieuwsgierig achterom. De nachtegaal schrokt de worm naar binnen. Zie je, denkt Laura, nooit opgeven.",https://voicebuddy.s3.eu-central-1.amazonaws.com/lezen-n.png,Transfer practice material,resonans,Resonans N,-,"Nightingale nestles next to the house. Laura is approaching the neat nest. ""Well, Mrs. De Nachtegaal, something new again."" She had already put nine dishes. With nuts, nail cheese, wet bread, nectarine, you name it. But the nightingale didn't take anything. A wet worm now winds on the plate. The nightingale ignores it. Laura hits her eyes. On the way home, she looks back curiously once more. The nightingale shocks the worm inside. See, Laura thinks, never give up.",https://voiceBuddy.s3.eu-central-1.amazonaws.com/lezen-n.png,Transférer le matériel de pratique,Resonans,Resonans n,-,"Nightingale se niche à côté de la maison. Laura s'approche du nid soigné. ""Eh bien, Mme de Nachtegaal, quelque chose de nouveau à nouveau."" Elle avait déjà mis neuf plats. Avec des noix, du fromage à ongles, du pain mouillé, de la nectarine, vous l'appelez. Mais le rossignol n'a rien pris. Un ver humide serpente maintenant sur l'assiette. Le rossignol l'ignore. Laura frappe ses yeux. Sur le chemin du retour, elle regarde de nouveau curieusement. Le rossignol choque le ver à l'intérieur. Vous voyez, pense Laura, n'abandonne jamais.",https://voicebuddy.s3.eu-central-1.amazonaws.com/lezen-n.png,
34,Resonans combi,2,tekst,1,transfer oefenmateriaal,resonans,Resonans combi,-,"Op de vensterbank zit Monster de kater, zijn natte neus maakt vlekken op het raam. In de voortuin zit de nachtegaal op haar nest. Ze is aan het zingen. Het is nog mooier dan muziek. Zacht begint Monster mee te neuriën. ‘Zit je weer te miauwen?’ zegt vadermens. Een zachte hand raakt zijn vacht. Verbaasd kijkt Monster op. ‘Je ziet toch dat ik aan het zingen ben?’ miauwt hij. Mensen zijn maar vreemd.",https://voicebuddy.s3.eu-central-1.amazonaws.com/lezen-a-z.png,transfer oefenmateriaal,resonans,Resonans combi,-,"Op de vensterbank zit Monster de kater, zijn natte neus maakt vlekken op het raam. In de voortuin zit de nachtegaal op haar nest. Ze is aan het zingen. Het is nog mooier dan muziek. Zacht begint Monster mee te neuriën. ‘Zit je weer te miauwen?’ zegt vadermens. Een zachte hand raakt zijn vacht. Verbaasd kijkt Monster op. ‘Je ziet toch dat ik aan het zingen ben?’ miauwt hij. Mensen zijn maar vreemd.",https://voicebuddy.s3.eu-central-1.amazonaws.com/lezen-a-z.png,Transfer practice material,resonans,Resonans Combi,-,"Monster the hangover sits on the windowsill, his wet nose makes stains on the window. In the front garden the nightingale is sitting on her nest. She is singing. It is even more beautiful than music. Soft Monster starts to hum. ""Are you meowing again?"" Says Vadensmens. A soft hand touches his fur. Monster is surprised. ""You see that I am singing?"" He meows. People are strange.",https://voiceBuddy.s3.eu-central-1.amazonaws.com/lezen-az.png,Transférer le matériel de pratique,Resonans,Resonans Combi,-,"Monster La gueule de bois se trouve sur le rebord de la fenêtre, son nez fait des taches sur la fenêtre. Dans le jardin avant, le rossignol est assis sur son nid. Elle chante. C'est encore plus beau que la musique. Le monstre doux commence à fredonner. ""Tu miaudages à nouveau?"" Dit la personne Vadens. Une main douce touche sa fourrure. Monster est surpris. ""Tu vois que je chante?"" Hé miaules. Les gens sont étranges.",https://voicebuddy.s3.eu-central-1.amazonaws.com/lezen-az.png,
35,Loslaatoefening,2,tekst,1,transfer oefenmateriaal,Adembeheersing,Loslaatoefening,-,"Laura kijkt om zich heen naar alles wat er nog staat. De tafel waar de tafel hoort en daarboven de lamp die als je goed kijkt scheef hangt. Haar vader had het jaren geleden op zijn kluslijst gezet. De lijst die hij vol goede moed was begonnen hing op de koelkast onder de tekeningen van haar broertje. Ze vraagt zich af wat er eerder weg zal zijn, of eerst de lamp of de kluslijst zal worden ingepakt. Als ze nog eens naar de lamp kijkt beseft ze dat hij eigenlijk precies goed hangt. Voorzichtig stopt ze de kluslijst zonder dat haar vader het ziet in de zak van haar rode broek.",https://voicebuddy.s3.eu-central-1.amazonaws.com/lezen-a-z.png,transfer oefenmateriaal,Adembeheersing,Loslaatoefening,-,"Laura kijkt om zich heen naar alles wat er nog staat. De tafel waar de tafel hoort en daarboven de lamp die als je goed kijkt scheef hangt. Haar vader had het jaren geleden op zijn kluslijst gezet. De lijst die hij vol goede moed was begonnen hing op de koelkast onder de tekeningen van haar broertje. Ze vraagt zich af wat er eerder weg zal zijn, of eerst de lamp of de kluslijst zal worden ingepakt. Als ze nog eens naar de lamp kijkt beseft ze dat hij eigenlijk precies goed hangt. Voorzichtig stopt ze de kluslijst zonder dat haar vader het ziet in de zak van haar rode broek.",https://voicebuddy.s3.eu-central-1.amazonaws.com/lezen-a-z.png,Transfer practice material,Breathing control,Release exercise,-,"Laura looks around at everything there is. The table where the table belongs and above the lamp that if you look closely hangs skewed. Her father had put it on his DIY list years ago. The list he had started in good spirits hung on the fridge under the drawings of her brother. She wonders what will be gone earlier, or first the lamp or the DIY list will be packed. When she looks at the lamp again, she realizes that it actually hangs just right. She carefully stops the DIY list without her father seeing it in the bag of her red pants.",https://voiceBuddy.s3.eu-central-1.amazonaws.com/lezen-az.png,Transférer le matériel de pratique,Contrôle des briseurs,Libérer l'exercice,-,"Laura regarde tout ce qu'il y a. La table où la table appartient et au-dessus de la lampe qui, si vous regardez de près, est faussée. Son père l'avait mis sur sa liste de bricolage il y a des années. La liste qu'il avait lancée de bonne humeur était suspendue au réfrigérateur sous les dessins de son frère. Elle se demande ce qui sera parti plus tôt, ou d'abord la lampe ou la liste de bricolage sera emballée. Quand elle regarde à nouveau la lampe, elle se rend compte que son vrai se bloque bien. Elle arrête soigneusement la liste de bricolage sans que son père le laisse dans le sac de son pantalon rouge.",https://voicebuddy.s3.eu-central-1.amazonaws.com/lezen-az.png,
36,Extra verhaal combi oefening,2,tekst,1,transfer oefenmateriaal,"Adembeheersing, resonans, articulatie",Extra verhaal alles bij elkaar oefening,Extra verhaal alles bij elkaar oefening,"Laura en Rayen zitten op de grote tafel. Niet eraan, nee, erop. Van Laura’s moeder kregen ze een laser, een klein, rood lampje waarmee je op de grond, maar ook op de muur kunt schijnen. Monster de kater, rent erachter aan. Zijn pupillen zijn groot. Mo de mot moedigt hem aan. Samen met de nachtegaal zit hij in de Vensterbank. Zij buiten, hij binnen. Uit de keuken komt een winterse geur, Laura’s vader warmt chocolademelk op. Rayen beweegt de laser op de muur. Monster zet zich af en springt een meter in de lucht. Iedereen juicht als Monster het rode puntje te pakken heeft. Laura kijkt om zich heen naar de dozen die tot het plafond staan opgestapeld. Een ding weet ze zeker: dit huis zal, net als haar hart, altijd vol zijn.",https://voicebuddy.s3.eu-central-1.amazonaws.com/lezen-a-z.png,transfer oefenmateriaal,"Adembeheersing, resonans, articulatie",Extra verhaal alles bij elkaar oefening,Extra verhaal alles bij elkaar oefening,"Laura en Rayen zitten op de grote tafel. Niet eraan, nee, erop. Van Laura’s moeder kregen ze een laser, een klein, rood lampje waarmee je op de grond, maar ook op de muur kunt schijnen. Monster de kater, rent erachter aan. Zijn pupillen zijn groot. Mo de mot moedigt hem aan. Samen met de nachtegaal zit hij in de Vensterbank. Zij buiten, hij binnen. Uit de keuken komt een winterse geur, Laura’s vader warmt chocolademelk op. Rayen beweegt de laser op de muur. Monster zet zich af en springt een meter in de lucht. Iedereen juicht als Monster het rode puntje te pakken heeft. Laura kijkt om zich heen naar de dozen die tot het plafond staan opgestapeld. Een ding weet ze zeker: dit huis zal, net als haar hart, altijd vol zijn.",https://voicebuddy.s3.eu-central-1.amazonaws.com/lezen-a-z.png,Transfer practice material,"Breathing control, resonans, articulation",Extra story all together exercise,Extra story all together exercise,"Laura and Rayen sit on the large table. Not about it, no, on it. From Laura's mother they received a laser, a small, red light with which you can shine on the floor, but also on the wall. Monster de Kater, runs after it. His pupils are big. Mo de Mot encourages him. Together with the nightingale he is in the windowsill. She outside, he inside. A winter scent comes from the kitchen, Laura's father warms up chocolate milk. Rayen moves the laser on the wall. Monster turns down and jumps a meter in the air. Everyone welcomes the red point as a monster. Laura looks around at the boxes that are piled up to the ceiling. One thing she knows for sure: this house, like her heart, will always be full.",https://voiceBuddy.s3.eu-central-1.amazonaws.com/lezen-az.png,Transférer le matériel de pratique,"Contrôle de la respiration, résonans, articulation",EXTRACIER EXERCI,EXTRACIER EXERCI,"Laura et Rayen sont assis sur la grande table. Pas à ce sujet, non, dessus. De la mère de Laura, ils ont reçu un laser, une petite lumière rouge avec laquelle vous pouvez briller sur le sol, mais aussi sur le mur. Monster de Kater, court après. Ses élèves sont grands. Mo de Mot l'encourage. Avec le rossignol, il est dans le rebord de la fenêtre. Elle à l'extérieur, hé à l'intérieur. Un parfum d'hiver vient de la cuisine, le père de Laura réchauffe le lait au chocolat. Rayen déplace le laser sur le mur. Monster se détache et saute un mètre dans les airs. Tout le monde accueille le point rouge en tant que monstre. Laura regarde autour des boîtes qui sont empilées au plafond. Une chose qu'elle sait avec certitude: cette maison, comme son cœur, sera toujours pleine.",https://voicebuddy.s3.eu-central-1.amazonaws.com/lezen-az.png,
37,Volume (schoolplein),2,audio,1,transfer oefenmateriaal,Ademvolume,Volume in rumoerige ruimte (schoolplein),Oefen met deze audio je vaardigheid om op een ontspannen manier met groot volume te spreken in een rumoerige ruimte.,https://voicebuddy.s3.eu-central-1.amazonaws.com/Voice+Buddy+Volume+oefening+schoolplein.mp3,https://voicebuddy.s3.eu-central-1.amazonaws.com/schoolplein+audio.png,transfer oefenmateriaal,Ademvolume,Volume in rumoerige ruimte (schoolplein),Oefen met deze audio je vaardigheid om op een ontspannen manier met groot volume te spreken in een rumoerige ruimte.,https://voicebuddy.s3.eu-central-1.amazonaws.com/Voice+Buddy+Volume+oefening+schoolplein.mp3,https://voicebuddy.s3.eu-central-1.amazonaws.com/schoolplein+audio.png,Transfer practice material,Breathing volume,Volume in noisy space (schoolyard),"With this audio, practice your skill to speak with large volume in a relaxed way in a noisy space.",https://voiceBuddy.s3.eu-central-1.amazonaws.com/voice+Buddy+volume+ exercise+schoolplein.mp3,https://voiceBuddy.s3.eu-central-1.amazons.com/schoolplein+audio.png,Transférer le matériel de pratique,Volume de respiration,Volume dans l'espace bruyant (cour d'école),"Avec cet audio, pratiquez vos compétences pour parler avec un grand volume de manière détendue dans un espace bruyant.",https://voicebuddy.s3.eu-central-1.amazonaws.com/voice+buddy+volume+ exercice + Schoolplein.mp3,https://voicebuddy.s3.eu-central-1.amazons.com/schoolplein+audio.png,
38,Volume (bargeluiden),2,audio,1,transfer oefenmateriaal,Ademvolume,Volume in rumoerige ruimte (bargeluiden),Oefen met deze audio je vaardigheid om op een ontspannen manier met groot volume te spreken in een rumoerige ruimte.,https://voicebuddy.s3.eu-central-1.amazonaws.com/VOLUME+OEFENEN+BARGELUIDEN+-+24-03-2021+11.44.mp3,https://voicebuddy.s3.eu-central-1.amazonaws.com/bar+audio.png,transfer oefenmateriaal,Ademvolume,Volume in rumoerige ruimte (bargeluiden),Oefen met deze audio je vaardigheid om op een ontspannen manier met groot volume te spreken in een rumoerige ruimte.,https://voicebuddy.s3.eu-central-1.amazonaws.com/VOLUME+OEFENEN+BARGELUIDEN+-+24-03-2021+11.44.mp3,https://voicebuddy.s3.eu-central-1.amazonaws.com/bar+audio.png,Transfer practice material,Breathing volume,Volume in noisy space (bar sounds),"With this audio, practice your skill to speak with large volume in a relaxed way in a noisy space.",htts,https://voiceBuddy.s3.eu-central-1.amazonaws.com/bar+audio.png,Transférer le matériel de pratique,Volume de respiration,Volume dans l'espace bruyant (sons de bar),"Avec cet audio, pratiquez vos compétences pour parler avec un grand volume de manière détendue dans un espace bruyant.",Htts,https://voicebuddy.s3.eu-central-1.amazonaws.com/bar+audio.png,
39,Bodyscan (met zandloper),2,audio,0,transfer oefenmateriaal,Relaxatie,Bodyscan (met zandloper),-,http://www...mp3,https://voicebuddy.s3.eu-central-1.amazonaws.com/no_content.gif,transfer oefenmateriaal,Relaxatie,Bodyscan (met zandloper),-,http://www...mp3,https://voicebuddy.s3.eu-central-1.amazonaws.com/no_content.gif,Transfer practice material,Relaxation,Bodyscan (with hourglass),-,http: //www...mp3,https://voiceBuddy.s3.eu-central-1.amazonaws.com/no_content.gif,Transférer le matériel de pratique,Relaxation,Bodyscan (avec sablier),-,http: //www...mp3,https://voicebuddy.s3.eu-central-1.amazonaws.com/no_content.gif,
40,Accent Largo,2,audio,1,transfer oefenmateriaal,"Adembeheersing, Sluiting, trilling",Accentmethode Largo,Door gebruik te maken van het ritme van je ademhaling worden stem en adem goed op elkaar afgestemd zodat je je stem ontspannen kan inzetten.,https://voicebuddy.s3.eu-central-1.amazonaws.com/11+accent+methode+largo+audio+s3.mp3,https://voicebuddy.s3.eu-central-1.amazonaws.com/icoon-largo.png,transfer oefenmateriaal,"Adembeheersing, Sluiting, trilling",Accentmethode Largo,Door gebruik te maken van het ritme van je ademhaling worden stem en adem goed op elkaar afgestemd zodat je je stem ontspannen kan inzetten.,https://voicebuddy.s3.eu-central-1.amazonaws.com/11+accent+methode+largo+audio+s3.mp3,https://voicebuddy.s3.eu-central-1.amazonaws.com/icoon-largo.png,Transfer practice material,"Breathing control, closure, vibration",Accent method Largo,"By using the rhythm of your breathing, voice and breath are well coordinated so that you can use your voice relaxed.",https://voiceBuddy.s3.eu-central-1.amazons.com/11+accent+ method+largo+Audio+S3.MP3,https://voiceBuddy.s3.eu-central-1.amazonaws.com/icoon-largo.png,Transférer le matériel de pratique,"Contrôle de la respiration, fermeture, vibration",Méthode d'accent Largo,"En utilisant le rythme de votre respiration, la voix et la respiration sont bien coordonnées afin que vous puissiez utiliser votre voix détendue.",https://voicebuddy.s3.eu-central-1.amazons.com/11+accent+ méthode + largo + audio + s3.mp3,https://voicebuddy.s3.eu-central-1.amazonaws.com/ion-lago.png,
41,Accent Andante,2,audio,1,transfer oefenmateriaal,"Adembeheersing, Sluiting, trilling,",Accentmethode Andante,Door gebruik te maken van het ritme van je ademhaling worden stem en adem goed op elkaar afgestemd zodat je je stem ontspannen kan inzetten.,https://voicebuddy.s3.eu-central-1.amazonaws.com/12+andante+AUDIO+-+25-05-2021+10.42.mp3,https://voicebuddy.s3.eu-central-1.amazonaws.com/icoon-andante.png,transfer oefenmateriaal,"Adembeheersing, Sluiting, trilling,",Accentmethode Andante,Door gebruik te maken van het ritme van je ademhaling worden stem en adem goed op elkaar afgestemd zodat je je stem ontspannen kan inzetten.,https://voicebuddy.s3.eu-central-1.amazonaws.com/12+andante+AUDIO+-+25-05-2021+10.42.mp3,https://voicebuddy.s3.eu-central-1.amazonaws.com/icoon-andante.png,Transfer practice material,"Breathing control, closure, vibration,",Accent method Andante,"By using the rhythm of your breathing, voice and breath are well coordinated so that you can use your voice relaxed.",https://voiceBuddy.s3.eu-central-1.amazons.com/12+andante+audio+-+25-05-2021+10.42.MP3,https://voiceBuddy.s3.eu-central-1.amazonaws.com/icoon-andante.png,Transférer le matériel de pratique,"Contrôle de la respiration, fermeture, vibration,",Méthode d'accent Andante,"En utilisant le rythme de votre respiration, la voix et la respiration sont bien coordonnées afin que vous puissiez utiliser votre voix détendue.",https://voicebuddy.s3.eu-central-1.amazons.com/12+andante+audio+ -+25-05-2021+10.42.mp3,https://voicebuddy.s3.eu-central-1.amazonaws.com/ion-andante.png,
42,Accent Allegro,2,audio,1,transfer oefenmateriaal,"Adembeheersing, Sluiting, trilling",Accentmethode Allegro,Door gebruik te maken van het ritme van je ademhaling worden stem en adem goed op elkaar afgestemd zodat je je stem ontspannen kan inzetten.,https://voicebuddy.s3.eu-central-1.amazonaws.com/13+allegro+AUDIO+only.mp3,https://voicebuddy.s3.eu-central-1.amazonaws.com/icoon-allergo.png,transfer oefenmateriaal,"Adembeheersing, Sluiting, trilling",Accentmethode Allegro,Door gebruik te maken van het ritme van je ademhaling worden stem en adem goed op elkaar afgestemd zodat je je stem ontspannen kan inzetten.,https://voicebuddy.s3.eu-central-1.amazonaws.com/13+allegro+AUDIO+only.mp3,https://voicebuddy.s3.eu-central-1.amazonaws.com/icoon-allergo.png,Transfer practice material,"Breathing control, closure, vibration",Accent method Allegro,"By using the rhythm of your breathing, voice and breath are well coordinated so that you can use your voice relaxed.",https://voiceBuddy.s3.eu-central-1.amazons.com/13+Allegro+audio+only.mp3,https://voiceBuddy.s3.eu-central-1.amazonaws.com/icoon-allergo.png,Transférer le matériel de pratique,"Contrôle de la respiration, fermeture, vibration",Méthode d'accent Allegro,"En utilisant le rythme de votre respiration, la voix et la respiration sont bien coordonnées afin que vous puissiez utiliser votre voix détendue.",https://voicebuddy.s3.eu-central-1.amazons.com/13+allegro+Audio+Only.mp3,https://voicebuddy.s3.eu-central-1.amazonaws.com/ion-allergo.png,
43,dB-meter,-,Meetinstrument,0,meetinstrument,Volume beheersing,dB-meter,-,https://github.com/jasonpecor/DecibelMeter/,https://voicebuddy.s3.eu-central-1.amazonaws.com/no_content.gif,meetinstrument,Volume beheersing,dB-meter,-,https://github.com/jasonpecor/DecibelMeter/,https://voicebuddy.s3.eu-central-1.amazonaws.com/no_content.gif,measuring instrument,Volume control,DB meter,-,https://github.com/jasonpecor/decibelmeter/,https://voiceBuddy.s3.eu-central-1.amazonaws.com/no_content.gif,Instrument de mesure,Contrôle du volume,Compteur DB,-,https://github.com/jasonpecor/decibelmeter/,https://voicebuddy.s3.eu-central-1.amazonaws.com/no_content.gif,
44,Ademhaling,-,Animatie of plaatje,0,informatie,Adem,Ademhaling,-,http://www...gif,https://voicebuddy.s3.eu-central-1.amazonaws.com/no_content.gif,informatie,Adem,Ademhaling,-,http://www...gif,https://voicebuddy.s3.eu-central-1.amazonaws.com/no_content.gif,information,Breath,Breathing,-,http: //www...gif,https://voiceBuddy.s3.eu-central-1.amazonaws.com/no_content.gif,informations,Haleine,Respiration,-,http: //www...gif,https://voicebuddy.s3.eu-central-1.amazonaws.com/no_content.gif,
45,Houding staand,-,video,0,informatie,Houding,Houding staand,-,http://www...mp4,https://voicebuddy.s3.eu-central-1.amazonaws.com/no_content.gif,informatie,Houding,Houding staand,-,http://www...mp4,https://voicebuddy.s3.eu-central-1.amazonaws.com/no_content.gif,information,Attitude,Posture standing,-,http: //www...mp4,https://voiceBuddy.s3.eu-central-1.amazonaws.com/no_content.gif,informations,Attitude,Posture debout,-,http: //www...mp4,https://voicebuddy.s3.eu-central-1.amazonaws.com/no_content.gif,
46,Houding zittend,-,video,0,informatie,Houding,Houding zittend,-,http://www...mp4,https://voicebuddy.s3.eu-central-1.amazonaws.com/no_content.gif,informatie,Houding,Houding zittend,-,http://www...mp4,https://voicebuddy.s3.eu-central-1.amazonaws.com/no_content.gif,information,Attitude,Posture sitting,-,http: //www...mp4,https://voiceBuddy.s3.eu-central-1.amazonaws.com/no_content.gif,informations,Attitude,Posture assise,-,http: //www...mp4,https://voicebuddy.s3.eu-central-1.amazonaws.com/no_content.gif,
47,10 geboden van gezond stemgebruik.,-,tekst,0,informatie,Basisvoorwaarden,10 geboden van gezond stemgebruik.,-,"Als je veelvuldig je stem moet inzetten voor werk en privé, gebruik je je stem net zo intensief als een topsporter zijn lijf. En het laatste wat je wilt, is het krijgen van blessures zoals heesheid, vermoeidhied of problemen met volume. Naast het aanleren en gebruiken van de juiste stemtechniek kun je veel doen (of laten) om je stem gezond te houden. #10geboden #learnthembyheart <b>Gij zult... 1. Hydrateren</b> Ofwel genoeg drinken. En dan liever geen cafeïne houdende dranken (koffie, cola, zwarte thee of energiedrankjes), want die hebben uiteindelijk een vochtafdrijvend effect. En dat is dus wat je precies NIET wilt. Water heeft de voorkeur. <b>2. Slapen</b> Lekker veel slapen is goed voor de stem. Bij vermoeidheid is de stem namelijk minder krachtig, iets hoger en instabieler. <b>3. NIet roken en/of alcohol drinken </b>  Geen populaire maatregel, maar het is goed om te beseffen dat roken ontsteking en zwelling van het slijmvlies veroorzaakt en alcohol de slijmvliezen uitdroogt. Hierdoor sluiten en golven de stemplooien niet meer goed, waardoor je stemkwaliteit minder is. Doe het dus niet of met mate. <b> 4. Niet keelschrapen en kuchen</b> Nou ja, alleen als je ontzettend verkouden bent, mag je natuurlijk hoesten: je longen moeten namelijk schoon blijven. Verder niet doen! 1 maal je keel schrapen staat ongeveer gelijk aan een half uur stembelasting. Bovendien irriteert het je slijmvlies waardoor je nog meer wilt schrapen: een neerwaartse spiraal. Wat dan wel? Lippentriller of huffen. <b> 5. Niet te veel, te laat of te pikant eten </b>  Hierdoor kun je last krijgen van maagzuur, wat je stem irriteert. <b> 6. Niet fluisteren </b> Niet hard in ieder geval! Dit is heel belastend voor de stemplooien. Ben je je stem kwijt of ben je hees door een verkoudheid? Stemrust en lekker veel slapen is je redding! <b> 7. Niet gillen, schreeuwen of luid roepen </b>  In ieder geval niet zonder de juiste techniek! Probeer op feestjes, in de kroeg of tijdens sportwedstrijden niet boven het achtergrondgeluid te komen, maar met een lage en luide stem én een goede articulatie door het geluid heen te praten. <b> 8. Door de neus ademen</b>  Dan heb je namelijk minder kans op een verkoudheid of keelinfectie. <b> 9. Ontspanningsoefeningen voor de larynx doen </b>  Bijvoorbeeld buisresonans of de lippentriller. Zie het als een warming-up of cooling-down net als bij sporten. <b> 10. De mogelijkheden van je stem goed leren kennen </b> Binnen je eigen grenzen kan er veel met je stem. Probeer niet de stem van iemand anders over te nemen of stemmetjes op te zetten. Leer je eigen natuurlijke stemgebruik ten volle in te zetten en neem genoeg stemrust!",https://voicebuddy.s3.eu-central-1.amazonaws.com/no_content.gif,informatie,Basisvoorwaarden,10 geboden van gezond stemgebruik.,-,"Als je veelvuldig je stem moet inzetten voor werk en privé, gebruik je je stem net zo intensief als een topsporter zijn lijf. En het laatste wat je wilt, is het krijgen van blessures zoals heesheid, vermoeidhied of problemen met volume. Naast het aanleren en gebruiken van de juiste stemtechniek kun je veel doen (of laten) om je stem gezond te houden. #10geboden #learnthembyheart <b>Gij zult... 1. Hydrateren</b> Ofwel genoeg drinken. En dan liever geen cafeïne houdende dranken (koffie, cola, zwarte thee of energiedrankjes), want die hebben uiteindelijk een vochtafdrijvend effect. En dat is dus wat je precies NIET wilt. Water heeft de voorkeur. <b>2. Slapen</b> Lekker veel slapen is goed voor de stem. Bij vermoeidheid is de stem namelijk minder krachtig, iets hoger en instabieler. <b>3. NIet roken en/of alcohol drinken </b>  Geen populaire maatregel, maar het is goed om te beseffen dat roken ontsteking en zwelling van het slijmvlies veroorzaakt en alcohol de slijmvliezen uitdroogt. Hierdoor sluiten en golven de stemplooien niet meer goed, waardoor je stemkwaliteit minder is. Doe het dus niet of met mate. <b> 4. Niet keelschrapen en kuchen</b> Nou ja, alleen als je ontzettend verkouden bent, mag je natuurlijk hoesten: je longen moeten namelijk schoon blijven. Verder niet doen! 1 maal je keel schrapen staat ongeveer gelijk aan een half uur stembelasting. Bovendien irriteert het je slijmvlies waardoor je nog meer wilt schrapen: een neerwaartse spiraal. Wat dan wel? Lippentriller of huffen. <b> 5. Niet te veel, te laat of te pikant eten </b>  Hierdoor kun je last krijgen van maagzuur, wat je stem irriteert. <b> 6. Niet fluisteren </b> Niet hard in ieder geval! Dit is heel belastend voor de stemplooien. Ben je je stem kwijt of ben je hees door een verkoudheid? Stemrust en lekker veel slapen is je redding! <b> 7. Niet gillen, schreeuwen of luid roepen </b>  In ieder geval niet zonder de juiste techniek! Probeer op feestjes, in de kroeg of tijdens sportwedstrijden niet boven het achtergrondgeluid te komen, maar met een lage en luide stem én een goede articulatie door het geluid heen te praten. <b> 8. Door de neus ademen</b>  Dan heb je namelijk minder kans op een verkoudheid of keelinfectie. <b> 9. Ontspanningsoefeningen voor de larynx doen </b>  Bijvoorbeeld buisresonans of de lippentriller. Zie het als een warming-up of cooling-down net als bij sporten. <b> 10. De mogelijkheden van je stem goed leren kennen </b> Binnen je eigen grenzen kan er veel met je stem. Probeer niet de stem van iemand anders over te nemen of stemmetjes op te zetten. Leer je eigen natuurlijke stemgebruik ten volle in te zetten en neem genoeg stemrust!",https://voicebuddy.s3.eu-central-1.amazonaws.com/no_content.gif,information,Basic conditions,10 Commandments of healthy voice use.,-,"If you often have to use your voice for work and private life, you use your voice as intensively as a top athlete's body. And the last thing you want is getting injuries such as hoarseness, tired teeth or problems with volume. In addition to learning and using the right voting technique, you can do a lot (or leave) to keep your voice healthy. #10 commanded #learthembyheart <b> you will ... 1. Hydrate </b> or drink enough. And rather no caffeine -containing drinks (coffee, cola, black tea or energy drinks), because they ultimately have a moisture -repellent effect. And that is what exactly you don't want. Water is preferred. <b> 2. Sleeping </b> A lot of sleep is good for the voice. With fatigue, the voice is less powerful, slightly higher and more unstable. <b> 3. Do not smoke and/or drink alcohol </b> No popular measure, but it is good to realize that smoking causes inflammation and swelling of the mucous membrane and alcohol dries out the mucous membranes. As a result, the voice folds no longer close and wave well, which means that your voice quality is less. So don't do it or in moderation. <b> 4. Not threaten and cough </b> well, only if you have a great cold, you can of course cough: your lungs must stay clean. Do not do it further! Once your throat scraping is approximately equal to half an hour of voice load. Moreover, it annoys your mucosa so that you want to scrape even more: a downward spiral. Then what? Lip vulner or huffing. <b> 5. Not too much, too late or too spicy eating </b> This allows you to suffer from stomach acid, which irritates your voice. <b> 6. Don't whisper </b> not hard anyway! This is very stressful for the voting folds. Have you lost your voice or are you hoarsely due to a cold? Voting rest and a lot of sleep is your salvation! <b> 7. Don't scream, scream or shout loudly </b> At least not without the right technique! Try not to get above the background noise at parties, in the pub or during sports competitions, but to talk through the sound with a low and loud voice and good articulation. <b> 8. Breathing through the nose </b> then you have less chance of a cold or throat infection. <b> 9. Do relaxation exercises for the larynx </b> For example, Buisresonans or the lip viller. Think of it as a warm-up or cooling-down just like with sports. <b> 10. Get to know the possibilities of your voice well </b> Within your own limits there is a lot with your voice. Don't try to take over someone else's voice or put on voices. Learn to fully use your own natural voice and take enough voting rest!",https://voiceBuddy.s3.eu-central-1.amazonaws.com/no_content.gif,informations,Conditions de base,10 commandements d'une utilisation saine de la voix.,-,"Si vous devez utiliser votre voix pour le travail et la vie privée, vous utilisez votre voix aussi intensivement que le corps d'un athlète de haut niveau. Et la dernière chose que vous voulez subir des blessures telles que l'enrouement, les dents fatiguées ou les problèmes de volume. En plus d'apprendre et d'utiliser la bonne technique de vote, vous pouvez faire beaucoup (ou laisser) pour garder votre voix en bonne santé. # 10 commandés #learthembyheart <b> vous allez ... 1. Hydrater </b> ou boire assez. Et plutôt pas de caféine contenant des boissons (café, cola, thé noir ou boissons énergisantes), car ils ont finalement un effet réévalué en humidité. Et c'est ce que vous ne voulez pas exactement. L'eau est préférée. <b> 2. Dormir </b> Beaucoup de sommeil est bon pour la voix. Avec la fatigue, la voix est moins puissante, légèrement plus élevée et plus instable. <b> 3. Ne fumez pas et / ou ne buvez pas d'alcool </b> pas de mesure populaire, mais il est bon de réaliser que le tabagisme provoque une inflammation et un gonflement de la muqueuse et de l'alcool sèche les muqueuses. En conséquence, la voix se replie et ne fait plus bien, ce qui signifie que la qualité de votre voix est moindre. Alors ne le faites pas ou avec modération. <b> 4. Ne menacer pas et tousser </b> Eh bien, seulement si vous avez un grand rhume, vous pouvez bien sûr tousser: vos poumons doivent rester propres. Ne le fais pas plus loin! Une fois que votre grattage de la gorge est approximativement égale à une demi-heure de charge vocale. De plus, cela agace votre muqueuse pour que vous vouliez encore plus davantage: une spirale descendante. Alors quoi? Vulner à lèvres ou souffler. <b> 5. Pas trop, trop tard ou trop épicé </b> Cela vous permet de souffrir d'acide gastrique, ce qui irrite votre voix. <b> 6. Ne chuchotez pas </b> pas dur de toute façon! Ceci est très stressant pour les plis de vote. Avez-vous perdu votre voix ou êtes-vous dû à un rhume? Voter un repos et beaucoup de sommeil est votre salut! <b> 7. Ne criez pas, ne criez pas ou ne criez pas fort </b> du moins pas sans la bonne technique! Essayez de ne pas dépasser le bruit de fond lors des fêtes, dans les compétitions de sports de pub ou de durée, mais de parler du son avec une voix basse et forte et une bonne articulation. <b> 8. Respirer par le nez </b> Ensuite, vous avez moins de chances d'infection froide ou gorge. <b> 9. Faites des exercices de relaxation pour le larynx </b> par exemple, Buisresonans ou la lèvre Viller. Considérez-le comme un échauffement ou un refroidissement comme avec le sport. <b> 10. Apprenez à connaître les possibilités de votre voix bien </b> Dans vos propres limites, il y en a beaucoup avec votre voix. N'essayez pas de reprendre la voix d'un autre ou de mettre des voix. Apprenez à utiliser pleinement votre propre voix naturelle et prenez suffisamment de repos votant!",https://voicebuddy.s3.eu-central-1.amazonaws.com/no_content.gif,
48,Algemene transfer tips,-,tekst,0,informatie,transfertips,Algemene transfer tips,-,"<b> Toepassen technieken </b> -Vind je het lastig om momenten te vinden om de technieken toe te passen? Neem jezelf voor om het een paar minuten te oefenen tijdens het voorlezen aan je kinderen, tijdesn het natafelen of aan het begin van een telefoon- of videobelgesprek. Bepaal de momenten aan het begin van de dag of neem vaste momenten en houd je er aan. Zo oefen je ongemerkt steeds vaker! -Als je oefeningen wilt combineren en trainen, kun je dat het beste als volgt doen: 1. Oefenen met focus op vaardigheid A 2. Oefenen met focus op vaardigheid B 3.Oefenen met focus op vaardigheid A 4.Oefenen met focus op vaardigheid B 5. Oefenen met focus op vaardigheid A én B </b> Algemene tips</b> - Stemplooien is een ander woord voor stembanden en kunnen door elkaar worden gebruikt. -In tegenstelling tot wat we vaak denken is een hoger geluid niet beter hoorbaar. Sterker nog: Laag geluid draagt verder. Als je dus een afstand moet overbruggen doe je dat het liefst in een voor jou comfortabel laag stemgeluid. Denk dus laag en luid! - Als er veel achtergrondlawaai is en je wilt jezelf hoorbaar maken, denk dan dat je niet óver het geluid heen wilt, maar er dóórheen. Op die manier is het makkelijker je stem laag en luid te houden.",https://voicebuddy.s3.eu-central-1.amazonaws.com/no_content.gif,informatie,transfertips,Algemene transfer tips,-,"<b> Toepassen technieken </b> -Vind je het lastig om momenten te vinden om de technieken toe te passen? Neem jezelf voor om het een paar minuten te oefenen tijdens het voorlezen aan je kinderen, tijdesn het natafelen of aan het begin van een telefoon- of videobelgesprek. Bepaal de momenten aan het begin van de dag of neem vaste momenten en houd je er aan. Zo oefen je ongemerkt steeds vaker! -Als je oefeningen wilt combineren en trainen, kun je dat het beste als volgt doen: 1. Oefenen met focus op vaardigheid A 2. Oefenen met focus op vaardigheid B 3.Oefenen met focus op vaardigheid A 4.Oefenen met focus op vaardigheid B 5. Oefenen met focus op vaardigheid A én B </b> Algemene tips</b> - Stemplooien is een ander woord voor stembanden en kunnen door elkaar worden gebruikt. -In tegenstelling tot wat we vaak denken is een hoger geluid niet beter hoorbaar. Sterker nog: Laag geluid draagt verder. Als je dus een afstand moet overbruggen doe je dat het liefst in een voor jou comfortabel laag stemgeluid. Denk dus laag en luid! - Als er veel achtergrondlawaai is en je wilt jezelf hoorbaar maken, denk dan dat je niet óver het geluid heen wilt, maar er dóórheen. Op die manier is het makkelijker je stem laag en luid te houden.",https://voicebuddy.s3.eu-central-1.amazonaws.com/no_content.gif,information,Transfer tips,General transfer tips,-,"<b> Applying techniques </b> -Do you find it difficult to find moments to apply the techniques? Instead to practice it for a few minutes while reading to your children, Tijdsn the wetting or at the start of a telephone or video conversation. Determine the moments at the start of the day or take fixed moments and stick to it. This way you practice more and more unnoticed! -If you want to combine and train exercises, you can best do so as follows: 1. Practice with focus on skill A 2. Practice with focus on skill B 3. Focus on skill A 4. Focus on skill B 5. Practicing with focus on skill A and B </b> general tips </b> - voice folds is another word for vocal cords and can be used interchangeably. -In contrast to what we often think, a higher sound is not better audible. In fact: low sound carries further. So if you have to bridge a distance, you prefer to do that in a comfortable layer of voice for you. So think low and loud! - If there is a lot of background noise and you want to make yourself audible, think that you don't want to go over the sound, but there. That way it is easier to keep your voice low and loud.",https://voiceBuddy.s3.eu-central-1.amazonaws.com/no_content.gif,informations,Conseils de transfert,Conseils de transfert généraux,-,"<b> Appliquer des techniques </b>--vous avez-vous du mal à trouver des moments pour appliquer les techniques? Au lieu de le pratiquer pendant quelques minutes en lisant à vos enfants, mine le mouillage ou au début d'une conversation téléphonique ou vidéo. Déterminez les moments au début de la journée ou prenez des moments fixes et respectez-le. De cette façon, vous pratiquez de plus en plus inaperçu! -Si vous souhaitez combiner et former des exercices, vous pouvez le faire au mieux comme suit: 1. Pratiquez en mettant l'accent sur les compétences a 2. Pratiquez avec concentration sur la compétence B 3. Concentrez-vous sur la compétence A 4. Focus sur la compétence B 5. Pratiquer avec Concentrez-vous sur les conseils généraux A et B </b> </b> - Les plis de la voix sont un autre mot pour les cordons vocaux et peuvent être utilisés des parents d'interchange. -Men contrastant avec ce que nous ou pensons, un son élevé n'est pas mieux audible. En fait: le son bas fonctionne plus loin. Donc, si vous devez combler une distance, vous préférez le faire dans une couche de voix confortable pour vous. Alors pensez bas et fort! - S'il y a beaucoup de bruit de fond et que vous voulez vous rendre audible, pensez que vous ne voulez pas passer en revue le son, mais là. De cette façon, il est plus facile de garder votre voix bas et bruyante.",https://voicebuddy.s3.eu-central-1.amazonaws.com/no_content.gif,
99,"Buisresonans
Doel:
Ontspanning spieren rondom stemplooien en strottenhoofd.
- Herstel stem
-betere en meer ontspannen sluiting van de stemplooien.",2,video,0,stem-productie,"Fonatie, Sluiting, trilling, relaxatie",Buisresonans,"Het maken van geluid in de buis verandert de luchtdrukverdeling in je strottenhoofd. Dat zorgt voor ontspanning in je keel, helpt je stemplooien beter te sluiten en draagt bij aan het herstel van je stem.",https://voicebuddy.s3.eu-central-1.amazonaws.com/03+buisresonans_animatie_v03.mp4,https://voicebuddy.s3.eu-central-1.amazonaws.com/no_content.gif,stem-productie,"Fonatie, Sluiting, trilling, relaxatie",Buisresonans,"Het maken van geluid in de buis verandert de luchtdrukverdeling in je strottenhoofd. Dat zorgt voor ontspanning in je keel, helpt je stemplooien beter te sluiten en draagt bij aan het herstel van je stem.",https://voicebuddy.s3.eu-central-1.amazonaws.com/03+buisresonans_animatie_v03.mp4,https://voicebuddy.s3.eu-central-1.amazonaws.com/no_content.gif,voice production,"Fonation, closure, vibration, relaxation",Buisresonans,"Making sound in the tube changes the air pressure distribution into your larynx. This ensures relaxation in your throat, helps your vocal folds to close better and contributes to the recovery of your voice.",https://voiceBuddy.s3.eu-central-1.amazons.com/03+buisresonans_animatie_v03.mp4,https://voiceBuddy.s3.eu-central-1.amazonaws.com/no_content.gif,Production vocale,"Fonation, fermeture, vibration, relaxation",Buisonans,"Le fait de faire du son dans le tube modifie la distribution de la pression d'air dans votre larynx. Cela garantit la relaxation dans votre gorge, aide vos plis vocaux à mieux fermer et contribue à la récupération de votre voix.",https://voicebuddy.s3.eu-central-1.amazons.com/03+buisresonans_animatie_v03.mp4,https://voicebuddy.s3.eu-central-1.amazonaws.com/no_content.gif,