7,oefening,standaard Frequentie (p/d),materiaal,status,categorie_nl,tags_nl,naam_nl,doel_nl,content_nl,thumbnail_nl,categorie_vls,tags_vls,naam_vls,doel_vls,content_vls,thumbnail_vls,categorie_en,tags_en,naam_en,doel_en,content_en,thumbnail_en,categorie_fr,tags_fr,naam_fr,doel_fr,content_fr,thumbnail_fr
1,Houding staand,1,video,1,basis voorwaarden,Houding,Staand,Een ontspannen en neutrale houding zorgt voor ontspanning in het keelgebied. Een te hoge spierspanning is een belangrijke factor bij het ontstaan van stemproblemen.,https://streamable.com/l/z5v0mg/mp4-high.mp4,https://voicebuddy.s3.eu-central-1.amazonaws.com/oef+1+houding+staand.png,basis voorwaarden,Houding,Staand,Een ontspannen en neutrale houding zorgt voor ontspanning in het keelgebied. Een te hoge spierspanning is een belangrijke factor bij het ontstaan van stemproblemen.,https://streamable.com/l/z5v0mg/mp4-high.mp4,https://voicebuddy.s3.eu-central-1.amazonaws.com/oef+1+houding+staand.png,Basic conditions,Attitude,Standing,A relaxed and neutral attitude ensures relaxation in the throat area. A too high muscle tension is an important factor in the development of voting problems.,https://streamable.com/l/z5v0mg/mp4-high.mp4,https://voicebuddy.s3.eu-central-1.amazonaws.com/OUP +1+plaging +.png,Conditions de base,Attitude,Debout,Une attitude décontractée et neutre assure la relaxation dans la gorge. Une tension musculaire trop élevée est un facteur important dans le développement des problèmes de vote.,https://streamable.com/l/z5v0mg/mp4-high.mp4,https://voicebuddy.s3.eu-entral-1.amazonaws.com/oupe + 1 + pagination + .png
2,Houding zittend,1,video,1,basis voorwaarden,Houding,Zittend,Een ontspannen en neutrale zithouding zorgt voor ontspanning in het keelgebied. Een te hoge spierspanning is een belangrijke factor bij het ontstaan van stemproblemen.,https://streamable.com/l/spa6m0/mp4-high.mp4,https://voicebuddy.s3.eu-central-1.amazonaws.com/Oef+2+Houding+zittend.png,basis voorwaarden,Houding,Zittend,Een ontspannen en neutrale zithouding zorgt voor ontspanning in het keelgebied. Een te hoge spierspanning is een belangrijke factor bij het ontstaan van stemproblemen.,https://streamable.com/l/spa6m0/mp4-high.mp4,https://voicebuddy.s3.eu-central-1.amazonaws.com/Oef+2+Houding+zittend.png,Basic conditions,Attitude,Sitting,A relaxed and neutral sitting position ensures relaxation in the throat area. A too high muscle tension is an important factor in the development of voting problems.,https://streamable.com/l/spa6m0/mp4-high.mp4,https://voicebuddy.s3.eu-central-1.amazonaws.com/OUP +2+place+zitting.png,Conditions de base,Attitude,Séance,Une position assise décontractée et neutre assure la relaxation dans la gorge. Une tension musculaire trop élevée est un facteur important dans le développement des problèmes de vote.,https://streamable.com/l/spa6m0/mp4-high.mp4,https://voicebuddy.s3.eu-entral-1.amazonaws.com/oupe + 2 + place + place.png
3,Buisresonans,1,video,1,spanning,Relaxatie,Buisresonans,"Het maken van geluid in de buis verandert de luchtdrukverdeling in je strottenhoofd. Dat zorgt voor ontspanning in je keel, helpt je stemplooien beter te sluiten en draagt bij aan het herstel van je stem.",https://streamable.com/l/sy75u3/mp4.mp4,https://voicebuddy.s3.eu-central-1.amazonaws.com/Oef+3+buisresonans.png,spanning,Relaxatie,Buisresonans,"Het maken van geluid in de buis verandert de luchtdrukverdeling in je strottenhoofd. Dat zorgt voor ontspanning in je keel, helpt je stemplooien beter te sluiten en draagt bij aan het herstel van je stem.",https://streamable.com/l/sy75u3/mp4.mp4,https://voicebuddy.s3.eu-central-1.amazonaws.com/Oef+3+buisresonans.png,voltage,Relaxation,Tube resonance,"Making sound in the tube changes the air pressure distribution into your larynx. That ensures relaxation in your throat, helps you close your voting folds and contributes to the recovery of your voice.",https://streamable.com/l/sy75U3/mp4.mp4,https://voicebuddy.s3.eu-central-1.amazonaws.com/ef+3+BuisResonans.png,Tension,Relaxation,Résonance du tube,"Faire du son dans le tube change la distribution de la pression d'air dans votre larynx. Cela garantit une relaxation dans la gorge, vous aide à fermer vos plis de vote et à contribuer à la récupération de votre voix.",https://streamable.com/l/sysy75u3/mp4.mp4,https://voicebuddy.s3.eu-entral-1.amazonaws.com/ef+3+buisresonans.png
4,Buisresonans toepassen,2,video,1,spanning,Relaxatie,Buisresonans toepassen,"Door de ontspanning vanuit de buisresonansoefening mee te nemen naar het normale spreken, bouw je een gezonde stemgewoonte op.",https://streamable.com/l/6giczf/mp4-high.mp4,https://voicebuddy.s3.eu-central-1.amazonaws.com/Oef+4+Buisresonans+toepassing.png,spanning,Relaxatie,Buisresonans toepassen,"Door de ontspanning vanuit de buisresonansoefening mee te nemen naar het normale spreken, bouw je een gezonde stemgewoonte op.",https://streamable.com/l/6giczf/mp4-high.mp4,https://voicebuddy.s3.eu-central-1.amazonaws.com/Oef+4+Buisresonans+toepassing.png,voltage,Relaxation,Apply tube resonance,"By taking the relaxation from the tube resonance exercise to normal speaking, you build a healthy voting habitue.",https://streamable.com/l/6giczf/mp4-high.mp4,https://voicebuddy.s3.eu-central-1.amazonaws.com/ef +4+BuisResonans + Apasseling.png,Tension,Relaxation,Appliquer la résonance du tube,"En prenant la relaxation de l'exercice de résonance des tubes à la normale, vous construisez une habitude de vote saine.",https://streamable.com/l/6giczf/mp4-high.mp4,https://voicebuddy.s3.eu-entral-1.amazonaws.com/ef + 4+ buisresonans + apasseling.png
5,Gaapstand,1,video,1,spanning,Relaxatie fonatie,Gaapstand ,"Wanneer je gaapt, zakt het strottenhoofd en ontstaat er meer ruimte in de keel. Zo krijgt je een ontspannen en draagkrachtig geluid.",https://streamable.com/l/hlj52l/mp4.mp4,https://voicebuddy.s3.eu-central-1.amazonaws.com/Oef+5+gaapstand.png,spanning,Relaxatie fonatie,Gaapstand ,"Wanneer je gaapt, zakt het strottenhoofd en ontstaat er meer ruimte in de keel. Zo krijgt je een ontspannen en draagkrachtig geluid.",https://streamable.com/l/hlj52l/mp4.mp4,https://voicebuddy.s3.eu-central-1.amazonaws.com/Oef+5+gaapstand.png,voltage,Relaxation fonation,Gaap position,"When you gala, the larynx sinks and there is more space in the throat. This way you get a relaxed and secure sound.",https://streamable.com/l/hlj52l/mp4.mp4,https://voicebuddy.s3.eu-central-1.amazonaws.com/ef+5+gaapstand.png,Tension,Fonation de relaxation,Position de la PCGra,"Lorsque vous gala, le larynx coule et il y a plus d'espace dans la gorge. De cette façon, vous obtenez un son détendu et sécurisé.",https://streamable.com/l/hlj52l/mp4.mp4,https://voicebuddy.s3.eu-entral-1.amazonaws.com/ef+5+gaapstand.png
6,"Liptriller
Doel:
-stem opwarmen
-verhogen ademsteun
-Verleggen van de spanning van de larynx (of: strottenhoofd) naar de lippen
-toename stemplooi-elongatie en de amplitude van de mucosale golf zonder excessieve spanning ->maar dan in lekentaal of weglaten!",2,video,1,spanning,Relaxatie fonatie,Liptriller,Het laten trillen van je lippen zorgt voor ontspanning in je keel en een goede sluiting van je stemplooien. Het is een prima manier om je stem 'op te warmen'.,https://streamable.com/l/0wh5wy/mp4.mp4,https://voicebuddy.s3.eu-central-1.amazonaws.com/Oef+6+liptriller.png,spanning,Relaxatie fonatie,Liptriller,Het laten trillen van je lippen zorgt voor ontspanning in je keel en een goede sluiting van je stemplooien. Het is een prima manier om je stem 'op te warmen'.,https://streamable.com/l/0wh5wy/mp4.mp4,https://voicebuddy.s3.eu-central-1.amazonaws.com/Oef+6+liptriller.png,voltage,Relaxation fonation,Lipstriller,Let your lips vibrate ensures relaxation in your throat and a good closure of your voting folds. It is a great way to 'warm up' your voice.,https://streamable.com/l/0wh5wy/mp4.mp4,https://voicebuddy.s3.eu-central-1.amazonaws.com/Op+6+liptriller.png,Tension,Fonation de relaxation,Lipstriller,Laissez vos lèvres vibrer assure la détente dans la gorge et une bonne fermeture de vos plis de vote. C'est un excellent moyen de «réchauffer» votre voix.,https://streamable.com/l/0wh5wy/mp4.mp4,https://voicebuddy.s3.eu-entral-1.amazonaws.com/op+6+liptriller.png
7,"ZZ/VV oefening
Doel:
-Betere stemplooisluiting
- verleggen spanning van larynx naar resonatoren met als gevolg meer ontspannen fonatie",2,video,1,spanning,Relaxatie fonatie,ZZ/VV oefening,Geluid maken op ZZ en VV verkleint de kans dat je spanning zet rond je stemplooien. Hierdoor kunnen ze beter trillen en sluiten.,https://streamable.com/l/dvq1ik/mp4-high.mp4,https://voicebuddy.s3.eu-central-1.amazonaws.com/Oef+6+zz_vv.png,spanning,Relaxatie fonatie,ZZ/VV oefening,Geluid maken op ZZ en VV verkleint de kans dat je spanning zet rond je stemplooien. Hierdoor kunnen ze beter trillen en sluiten.,https://streamable.com/l/dvq1ik/mp4-high.mp4,https://voicebuddy.s3.eu-central-1.amazonaws.com/Oef+6+zz_vv.png,voltage,Relaxation fonation,ZZ / VV Exercise,Making noise on ZZ and VV reduces the chance that your tension takes around your voting folds. This allows them to vibrate and close better.,https://streamable.com/l/dvq1ik/mp4-high.mp4,https://voicebuddy.s3.eu-central-1.amazonaws.com/ef+6+zz_vv.png,Tension,Fonation de relaxation,Exercice ZZ / VV,Faire du bruit sur ZZ et VV réduit les chances que votre tension reprend vos plis de vote. Cela permet à thème de vibrer et de fermer mieux.,https://streamable.com/l/dvq1ik/mp4-high.mp4,https://voicebuddy.s3.eu-entral-1.amazonaws.com/ef+6+zz_vv.png
8,"Stretchen
Doel:
-verbeteren lichaamshouding
-stressvermindering door ontspannen spieren
-vermijden onnodige spanning keelgebied.",2,video,1,spanning,Relaxatie fonatie,Stretchen,"Door je spieren te rekken, verbeter je je lichaamshouding en voorkom je onnodige spanning in het keelgebied.",https://streamable.com/l/nl7ohy/mp4-high.mp4,https://voicebuddy.s3.eu-central-1.amazonaws.com/Oef+8+stretch.png,spanning,Relaxatie fonatie,Stretchen,"Door je spieren te rekken, verbeter je je lichaamshouding en voorkom je onnodige spanning in het keelgebied.",https://streamable.com/l/nl7ohy/mp4-high.mp4,https://voicebuddy.s3.eu-central-1.amazonaws.com/Oef+8+stretch.png,voltage,Relaxation fonation,Stretch,"By stretching your muscles, improve your body posture and prevent unnecessary tension in the throat area.",https://streamable.com/l/nl7ohy/mp4-high.mp4,https://voicebuddy.s3.eu-central-1.amazonaws.com/ef +8+stretch.png,Tension,Fonation de relaxation,S'étirer,"En étirant vos muscles, améliorez votre posture corporelle et prévenez une tension inutile dans la zone de gorge.",https://streamable.com/l/nl7ohy/mp4-high.mp4,https://voicebuddy.s3.eu-entral-1.amazonaws.com/ef + 8 + stretch.png
9,"Roepoefening
Doel:
-Verbeteren van stembelastbaarheid
-versterken orale resonans
-Gebruik maken voorwaartse projectie",2,video,1,stem-productie,"adem, volume",Roepoefening ,"Wanneer je je stem vanuit je adem ondersteunt, kun je op een gezonde manier het volume van je stem vergroten en verbeteren je je stembelastbaarheid.
",https://streamable.com/l/zyreve/mp4-high.mp4,https://voicebuddy.s3.eu-central-1.amazonaws.com/Oef+9+roepoefening.png,stem-productie,"adem, volume",Roepoefening ,"Wanneer je je stem vanuit je adem ondersteunt, kun je op een gezonde manier het volume van je stem vergroten en verbeteren je je stembelastbaarheid.
",https://streamable.com/l/zyreve/mp4-high.mp4,https://voicebuddy.s3.eu-central-1.amazonaws.com/Oef+9+roepoefening.png,Voice production,"Breath, volume",Calling,"When you support your voice from your breath, you can enlarge the volume of your voice in a healthy way and improve your voting capacity.
",https://streamable.com/l/zyreve/mp4-high.mp4,https://voicebuddy.s3.eu-central-1.amazonaws.com/Op+9+roofing exercise.png,Production vocale,"Souffle, volume",Calonner,"Lorsque vous soutenez votre voix de votre souffle, vous pouvez agrandir le volume de votre voix de manière saine et améliorer votre capacité de vote.
",https://streamable.com/l/zyreve/mp4-high.mp4,https://voicebuddy.s3.eu-entral-1.amazonaws.com/rop+9 anodroofing exercice.png
10,"Roepoefening met beweging
Doel:
- Door gebruik te maken van beweging vermijd je teveel spanning in het keelgebied. En verbeter je stembelastbaarheid
-versterken orale resonans
-Gebruik maken voorwaartse projectie",2,video,1,stem-productie,"adem, volume",Roepoefening met beweging,Als je gebruik maakt van beweging en het richten van je klank voorkom je teveel spanning in het keelgebied en kun je op een gezonden manier het volume van je stem vergroten.,https://streamable.com/l/7gv1t5/mp4.mp4,https://voicebuddy.s3.eu-central-1.amazonaws.com/Oef+10+roepen+met+beweging.png,stem-productie,"adem, volume",Roepoefening met beweging,Als je gebruik maakt van beweging en het richten van je klank voorkom je teveel spanning in het keelgebied en kun je op een gezonden manier het volume van je stem vergroten.,https://streamable.com/l/7gv1t5/mp4.mp4,https://voicebuddy.s3.eu-central-1.amazonaws.com/Oef+10+roepen+met+beweging.png,Voice production,"Breath, volume",Calling exercise with movement,If you use movement and aiming your sound you prevent too much tension in the throat area and you can increase the volume of your voice in a sent way.,https://streamable.com/l/7gv1t5/mp4.mp4,https://voicebuddy.s3.eu-central-1.amazonaws.com/Op+10+4S+mets + Movement.png,Production vocale,"Souffle, volume",Exercice d'appel avec mouvement,"Si vous utilisez des mouvements et que vous visez votre son, vous empêchez trop de tension dans la zone de gorge et vous pouvez augmenter le volume de votre voix d'une manière envoyée.",https://streamable.com/l/7gv1t5/mp4.mp4,https://voicebuddy.s3.eu-entral-1.amazonaws.com/rop+10+4s+mets + mouvement.png
11,"Roepoefening met beweging toepassen
Doel:
- Door gebruik te maken van beweging vermijd je teveel spanning in het keelgebied. En verbeter je stembelastbaarheid
-versterken orale resonans
-Gebruik maken voorwaartse projectie",2,video,1,stem-productie,"adem, volume",Roepoefening met beweging toepassen,Door de ontspanning vanuit de roepoefening met beweging mee te nemen naar het normale spreken voorkom je teveel spanning in het keelgebied en kun je op een gezonden manier het volume van je stem vergroten.,https://streamable.com/l/sfvd97/mp4.mp4,https://voicebuddy.s3.eu-central-1.amazonaws.com/Oef+11+roepen+toepassen+beweging.png,stem-productie,"adem, volume",Roepoefening met beweging toepassen,Door de ontspanning vanuit de roepoefening met beweging mee te nemen naar het normale spreken voorkom je teveel spanning in het keelgebied en kun je op een gezonden manier het volume van je stem vergroten.,https://streamable.com/l/sfvd97/mp4.mp4,https://voicebuddy.s3.eu-central-1.amazonaws.com/Oef+11+roepen+toepassen+beweging.png,Voice production,"Breath, volume",Apply call exercise with motion,"By taking the relaxation from the calling exercise with movement to normal speaking, you prevent too much tension in the throat area and you can enlarge the volume of your voice in a sent way.",https://streamable.com/l/sfvd97/mp4.mp4,https://voicebuddy.s3.eu-central-1.amazonaws.com/OUP+11 + groups + pasteeabas +bevision.png,Production vocale,"Souffle, volume",Appliquer l'exercice d'appel avec motion,"En prenant la relaxation de l'exercice d'appel avec le mouvement à la normale, vous empêchez trop de tension dans la zone de gorge et vous pouvez élargir le volume de votre voix d'une manière adressée.",https://streamable.com/l/sfvd97/mp4.mp4,https://voicebuddy.s3.eu-entral-1.amazonaws.com/oupe+11 + groupes + pasteebas + bevision.png
12,"Accent oefening Largo
Doel:
trainen van het ademritme, de stemgeving en de spraak om adem-stemkoppeling te verbeteren.",2,video,1,stem-productie,"Adembeheersing, sluiting, trilling",Accent oefening Largo,Door gebruik te maken van het ritme van je ademhaling worden stem en adem goed op elkaar afgestemd zodat je je stem ontspannen kan inzetten.,https://streamable.com/l/1drabr/mp4.mp4,https://voicebuddy.s3.eu-central-1.amazonaws.com/Oef+12+accent+largo.png,stem-productie,"Adembeheersing, sluiting, trilling",Accent oefening Largo,Door gebruik te maken van het ritme van je ademhaling worden stem en adem goed op elkaar afgestemd zodat je je stem ontspannen kan inzetten.,https://streamable.com/l/1drabr/mp4.mp4,https://voicebuddy.s3.eu-central-1.amazonaws.com/Oef+12+accent+largo.png,Voice production,"Breathing, closure, vibration",Accent Exercise Largo,"By using the rhythm of your breathing, voice and breath are well coordinated so that you can bet your voice relaxed.",https://streamable.com/l/1Drawberry/mp4.mp4,https://voicebuddy.s3.eu-central-1.amazonaws.com/OUP+12+accent+largo.png,Production vocale,"Respiration, fermeture, vibration",Accent Exercice Largo,"En utilisant le rythme de votre respiration, la voix et la respiration sont bien coordonnées afin que vous puissiez parier votre voix détendue.",https://streamable.com/l/1Drawberry/mp4.mp4,https://voicebuddy.s3.eu-entral-1.amazonaws.com/oupe + 12 + accent + largo.png
13,"Accent oefening Andante
Doel:
trainen van het ademritme, de stemgeving en de spraak om adem-stemkoppeling te verbeteren.",2,video,1,stem-productie,"Adembeheersing, sluiting, trilling",Accent oefening Andante,Door gebruik te maken van het ritme van je ademhaling worden stem en adem goed op elkaar afgestemd zodat je je stem ontspannen kan inzetten.,https://streamable.com/l/pm76v8/mp4.mp4,https://voicebuddy.s3.eu-central-1.amazonaws.com/Oef+13+accent+andante.png,stem-productie,"Adembeheersing, sluiting, trilling",Accent oefening Andante,Door gebruik te maken van het ritme van je ademhaling worden stem en adem goed op elkaar afgestemd zodat je je stem ontspannen kan inzetten.,https://streamable.com/l/pm76v8/mp4.mp4,https://voicebuddy.s3.eu-central-1.amazonaws.com/Oef+13+accent+andante.png,Voice production,"Breathing, closure, vibration",Accent Exercise Andante,"By using the rhythm of your breathing, voice and breath are well coordinated so that you can bet your voice relaxed.",https://streamable.com/l/pm76v8/mp4.mp4,https://voicebuddy.s3.eu-central-1.amazonaws.com/OUP+13+accentaDantante.png,Production vocale,"Respiration, fermeture, vibration",Exercice d'accent Andante,"En utilisant le rythme de votre respiration, la voix et la respiration sont bien coordonnées afin que vous puissiez parier votre voix détendue.",https://streamable.com/l/pm76v8/mp4.mp4,https://voicebuddy.s3.eu-entral-1.amazonaws.com/oupe+13+acCenteranante.png
14,"Accent oefening Allegro
Doel:
trainen van het ademritme, de stemgeving en de spraak om adem-stemkoppeling te verbeteren.",2,video,1,stem-productie,"Adembeheersing, sluiting, trilling",Accent oefening Allegro,Door gebruik te maken van het ritme van je ademhaling worden stem en adem goed op elkaar afgestemd zodat je je stem ontspannen kan inzetten.,https://streamable.com/l/1nij14/mp4-high.mp4,https://voicebuddy.s3.eu-central-1.amazonaws.com/Oef+14+accent+allegro.png,stem-productie,"Adembeheersing, sluiting, trilling",Accent oefening Allegro,Door gebruik te maken van het ritme van je ademhaling worden stem en adem goed op elkaar afgestemd zodat je je stem ontspannen kan inzetten.,https://streamable.com/l/1nij14/mp4-high.mp4,https://voicebuddy.s3.eu-central-1.amazonaws.com/Oef+14+accent+allegro.png,Voice production,"Breathing, closure, vibration",Accent Exercise Allegro,"By using the rhythm of your breathing, voice and breath are well coordinated so that you can bet your voice relaxed.",https://streamable.com/l/1nij14/mp4-high.mp4,https://voicebuddy.s3.eu-central-1.amazonaws.com/OF +14+accent+Allegro.png,Production vocale,"Respiration, fermeture, vibration",Accent exercice Allegro,"En utilisant le rythme de votre respiration, la voix et la respiration sont bien coordonnées afin que vous puissiez parier votre voix détendue.",https://streamable.com/l/1nij14/mp4-high.mp4,https://voicebuddy.s3.eu-entral-1.amazonaws.com/of + 14 + accent + Allegro.png
15,"Accent oefening Toepassen
Doel:
Verbeterde adem-stemkoppeling toepassen in dagelijkse spraak.",2,video,1,stem-productie,"Adembeheersing, sluiting, trilling",Accent oefening toepassen,Het toepassen van een goed gecoördineerde adem en stem in de dagelijkse spraak voorkomt onnodige spanning tijdens het spreken.,https://streamable.com/l/xwky1v/mp4.mp4,https://voicebuddy.s3.eu-central-1.amazonaws.com/Oef+15+accent+toepassen.png,stem-productie,"Adembeheersing, sluiting, trilling",Accent oefening toepassen,Het toepassen van een goed gecoördineerde adem en stem in de dagelijkse spraak voorkomt onnodige spanning tijdens het spreken.,https://streamable.com/l/xwky1v/mp4.mp4,https://voicebuddy.s3.eu-central-1.amazonaws.com/Oef+15+accent+toepassen.png,Voice production,"Breathing, closure, vibration",Apply Accent Exercise,Applying a well-coordinated breath and voice in daily speech prevents unnecessary tension while speaking.,https://streamable.com/l/xwky1v/mp4.mp4,https://voicebuddy.s3.eu-central-1.amazonaws.com/OUP+15+accent +tejas.png,Production vocale,"Respiration, fermeture, vibration",Appliquer l'exercice d'accentuation,L'application d'une respiration et d'une voix bien coordonnées dans le discours quotidien empêche une tensation inutile tout en parlant.,https://streamable.com/l/xwky1v/mp4.mp4,https://voicebuddy.s3.eu-entral-1.amazonaws.com/oupe + 15 + accent + tejas.png
16,"Triangulaire ademhaling
Doel:
-bevordering lage ademhaling
-verlagen van stressgevoel
-Hoofd leeg maken",2,video,1,stem-productie,"Adembeheersing, ontspanning",Triangulaire ademhaling,"Een langzame, gedoseerde adem stimuleert een ontspannen en lage buikademhaling. Dit kan ook het stressgevoel verlagen.",https://streamable.com/l/bmrt5c/mp4-high.mp4,https://voicebuddy.s3.eu-central-1.amazonaws.com/Oef+16+triangulaire+ademhaling+kopie.png,stem-productie,"Adembeheersing, ontspanning",Triangulaire ademhaling,"Een langzame, gedoseerde adem stimuleert een ontspannen en lage buikademhaling. Dit kan ook het stressgevoel verlagen.",https://streamable.com/l/bmrt5c/mp4-high.mp4,https://voicebuddy.s3.eu-central-1.amazonaws.com/Oef+16+triangulaire+ademhaling+kopie.png,Voice production,"Breathing, relaxation",Triangular breathing,"A slow, dosed breath stimulates a relaxed and low belly breathing. This can also reduce the stress feeling.",https://streamable.com/l/bMrt5c/mp4-high.mp4,https://voicebuddy.s3.eu-central-1.amazonws.com/Op+16+triangular+ breathing+PNG.png,Production vocale,"Respiration, détente",Respiration triangulaire,Une respiration lente et dosée stimule une respiration de ventre détendue et faible. Cela peut également réduire le sentiment de stress.,https://streamable.com/l/bmrt5c/mp4-high.mp4,https://voicebuddy.s3.eu-entral-1.amazons.com/op+16+triangular+ respiration + png.png
17,"Loslaat oefening
Doel:
Nauwkeurig doseren van de adem gebruik makend van de natuurlijke adembeweging, zodat iedere gewenste vorm van stemproductie mogelijk is.",2,video,1,stem-productie,Adembeheersing,Loslaat oefening,Een gedoseerde en gecontroleerde in- en uitademing zorgen ervoor dat spanning in het keelgebied wordt voorkomen en de inademing moeiteloos verloopt.,https://streamable.com/l/2u1vcd/mp4.mp4,https://voicebuddy.s3.eu-central-1.amazonaws.com/Oef+17+loslaatoef+kopie.png,stem-productie,Adembeheersing,Loslaat oefening,Een gedoseerde en gecontroleerde in- en uitademing zorgen ervoor dat spanning in het keelgebied wordt voorkomen en de inademing moeiteloos verloopt.,https://streamable.com/l/wxeeiq/mp4.mp4,https://voicebuddy.s3.eu-central-1.amazonaws.com/Oef+17+loslaatoef+kopie.png,Voice production,Breathing,Release exercise,A dosed and controlled in and exhalation ensure that voltage in the throat area is prevented and the inhalation effortlessly proceeds.,https://streamable.com/l/wxeeiq/mp4.mp4,https://voicebuddy.s3.eu-central-1.amazonaws.com/OUP+17+loslaatoef+kopie.png,Production vocale,Respiration,Exercice de libération,Un dosage et une expiration contrôlée et contrôlés garantissent que la tension dans la zone de gorge est évitée et l'inhalation exerce ses précédents.,https://streamable.com/l/wxeeiq/mp4.mp4,https://voicebuddy.s3.eu-entral-1.amazonaws.com/oupe+17+Loslaatatoef+kopie.png
18,"Steminzet bij klinkers
Doel:
Het starten van klinkers zonder ongewenste spanning in de keelregio.",2,video,1,stem-productie,"Fonatie, Sluiting, spanning",Steminzet bij klinkers,Het starten van klinkers zonder ongewenste spanning in de keelregio.,https://streamable.com/l/wxeeiq/mp4.mp4,https://voicebuddy.s3.eu-central-1.amazonaws.com/Oef+18+steminzetten+bij+klinkers+kopie.png,stem-productie,"Fonatie, Sluiting, spanning",Steminzet bij klinkers,Het starten van klinkers zonder ongewenste spanning in de keelregio.,https://streamable.com/l/v7veui/mp4-high.mp4,https://voicebuddy.s3.eu-central-1.amazonaws.com/Oef+18+steminzetten+bij+klinkers+kopie.png,Voice production,"Fonation, closure, voltage",Voting set at Klinkers,Starting vowels without unwanted voltage in the throat region.,https://streamable.com/l/v7veui/mp4-high.mp4,https://voicebuddy.s3.eu-central-1.amazonws.com/OUP+18+stemins + BijmpiceLinkers+kopie.png,Production vocale,"Fonation, fermeture, tension",Vote de vote à Klinkers,Commencer les voyelles sans tension indésirable dans la région de la gorge.,https://streamable.com/l/v7veui/mp4-high.mp4,https://voicebuddy.s3.eu-entral-1.aMazons.com/oupe + 18 + STEMINS + BIJMPLIGNERS + copy.png
19,"Klassieke resonans vrouw
Doel:
-Meer draagkrachtige en doordringende stem
-betere stemplooisluiting
- verleggen spanning van larynx naar resonatoren met als gevolg meer ontspannen fonatie",2,video,1,stem-productie,resonans,Klassieke resonans vrouw,"Resonansoefeningen zorgen ervoor dat je de holtes boven je stemplooien optimaal gebruikt, zodat je een ontspannen, draagkrachtig en helder stemgeluid ontwikkelt.",https://streamable.com/l/v7veui/mp4-high.mp4,https://voicebuddy.s3.eu-central-1.amazonaws.com/Oef+19+resonans+vrouw+kopie.png,stem-productie,resonans,Klassieke resonans vrouw,"Resonansoefeningen zorgen ervoor dat je de holtes boven je stemplooien optimaal gebruikt, zodat je een ontspannen, draagkrachtig en helder stemgeluid ontwikkelt.",https://streamable.com/l/v7veui/mp4-high.mp4,https://voicebuddy.s3.eu-central-1.amazonaws.com/Oef+19+resonans+vrouw+kopie.png,Voice production,resonance,Classical resonance woman,"Resonance exercises ensure that you optimally use the cavities above your voting folds, so that you develop a relaxed, captive and clear voice.",https://streamable.com/l/v7veui/mp4-high.mp4,https://voicebuddy.s3.eu-central-1.amazonaws.com/ef+19+resonans ++++kopie.png,Production vocale,résonance,Femme de résonance classique,"Exercices de résonance S'assurent que vous utilisez optionnellement les cavités au-dessus de vos plis de vote afin de développer une voix détendue, captive et claire.",https://streamable.com/l/v7veui/mp4-high.mp4,https://voicebuddy.s3.eu-entral-1.amazonaws.com/ef+19+resonans ++++ copy.png.png
20,"Klassieke resonans transfer vrouw
Doel:
-inzetten van draagkrachtige, ontspannen en ontspannen stem in dagelijkse spraak.",2,video,1,stem-productie,resonans,Klassieke resonans toepassen vrouw,"Door het stemgeluid vanuit de resonansoefening mee te nemen naar het normale spreken, ontwikkel je een ontspannen, heldere en draagkrachtig stem.",https://streamable.com/l/frs9uw/mp4-high.mp4,https://voicebuddy.s3.eu-central-1.amazonaws.com/Oef+20+resonans+toepassen+vrouw+kopie.png,stem-productie,resonans,Klassieke resonans toepassen vrouw,"Door het stemgeluid vanuit de resonansoefening mee te nemen naar het normale spreken, ontwikkel je een ontspannen, heldere en draagkrachtig stem.",https://streamable.com/l/frs9uw/mp4-high.mp4,https://voicebuddy.s3.eu-central-1.amazonaws.com/Oef+20+resonans+toepassen+vrouw+kopie.png,Voice production,resonance,Classical Resonance Apply Woman,"By taking the voice from the resonance exercise to normal speaking, you develop a relaxed, clear and secure voice.",https://streamable.com/l/frs9uw/mp4-high.mp4,https://voicebuddy.s3.eu-central-1.amazonaws.com/OUP +20+resonans + buttons ++++PNG.png,Production vocale,résonance,Résonance classique Appliquer une femme,"En prenant la voix de l'exercice de résonance à la normale, vous développez une voix détendue, claire et sécurisée.",https://streamable.com/l/frs9uw/mp4-high.mp4,https://voicebuddy.s3.eu-entral-1.amazonws.com/oupe + 20 + résonans + boutons ++++ png.png
21,"Klassieke resonans man
Doel:
-Meer draagkrachtige en doordringende stem
-betere stemplooisluiting
- verleggen spanning van larynx naar resonatoren met als gevolg meer ontspannen fonatie",2,video,1,stem-productie,resonans,Klassieke resonans man,"Resonansoefeningen zorgen ervoor dat je de holtes boven je stemplooien optimaal gebruikt, zodat je een ontspannen, draagkrachtig en helder stemgeluid ontwikkelt.",https://streamable.com/l/rds11s/mp4.mp4,https://voicebuddy.s3.eu-central-1.amazonaws.com/Oef+21+resonans+man+kopie.png,stem-productie,resonans,Klassieke resonans man,"Resonansoefeningen zorgen ervoor dat je de holtes boven je stemplooien optimaal gebruikt, zodat je een ontspannen, draagkrachtig en helder stemgeluid ontwikkelt.",https://streamable.com/l/rds11s/mp4.mp4,https://voicebuddy.s3.eu-central-1.amazonaws.com/Oef+21+resonans+man+kopie.png,Voice production,resonance,Classic resonance man,"Resonance exercises ensure that you optimally use the cavities above your voting folds, so that you develop a relaxed, captive and clear voice.",https://streamable.com/l/rds11s/mp4.mp4,https://voicebuddy.s3.eu-central-1.amazonaws.com/Of+21+resonans ++kopie.png,Production vocale,résonance,Homme de résonance classique,"Exercices de résonance S'assurent que vous utilisez optionnellement les cavités au-dessus de vos plis de vote afin de développer une voix détendue, captive et claire.",https://streamable.com/l/rds11s/mp4.mp4,https://voicebuddy.s3.eu-entral-1.amazonaws.com/of+21+resonans ++ copy.png
22,"Klassieke resonans transfer man
Doel:
-inzetten van draagkrachtige, ontspannen en ontspannen stem in dagelijkse spraak.",2,video,1,stem-productie,resonans,Klassieke resonans toepassen man,"Door het stemgeluid vanuit de resonansoefening mee te nemen naar het normale spreken, ontwikkel je een ontspannen, heldere en draagkrachtig stem.",https://streamable.com/l/q7ud9v/mp4.mp4,https://voicebuddy.s3.eu-central-1.amazonaws.com/Oef+22+resonans+toepassen+man+kopie.png,stem-productie,resonans,Klassieke resonans toepassen man,"Door het stemgeluid vanuit de resonansoefening mee te nemen naar het normale spreken, ontwikkel je een ontspannen, heldere en draagkrachtig stem.",https://streamable.com/l/q7ud9v/mp4.mp4,https://voicebuddy.s3.eu-central-1.amazonaws.com/Oef+22+resonans+toepassen+man+kopie.png,Voice production,resonance,Classic Resonance Apply Man,"By taking the voice from the resonance exercise to normal speaking, you develop a relaxed, clear and secure voice.",https://streamable.com/l/q7ud9v/mp4.mp4,https://voicebuddy.s3.eu-central-1.amazonaws.com/ef+22+resonans +toepassen+man+kopie.png,Production vocale,résonance,Résonance classique appliquer un homme,"En prenant la voix de l'exercice de résonance à la normale, vous développez une voix détendue, claire et sécurisée.",https://streamable.com/l/q7ud9v/mp4.mp4,https://voicebuddy.s3.eu-entral-1.amazonaws.com/ef+22+resonans + Appliquer + Man + copy.png
23,"Kaakdaling
Doel:
-verbeteren verstaanbaarheid
-Grotere orale resonans
(-Beter gebruik ademsteun??)",2,video,1,stem-productie,articulatie,Kaakdaling,"Een goede kaakdaling verbetert de verstaanbaarheid, wordt het geluid beter geprojecteerd en voorkom je onnodig spanning in het keelgebied",https://streamable.com/l/7e3ssy/mp4-high.mp4,https://voicebuddy.s3.eu-central-1.amazonaws.com/Oef+23+kaakdaling+kopie.png,stem-productie,articulatie,Kaakdaling,"Een goede kaakdaling verbetert de verstaanbaarheid, wordt het geluid beter geprojecteerd en voorkom je onnodig spanning in het keelgebied",https://streamable.com/l/7e3ssy/mp4-high.mp4,https://voicebuddy.s3.eu-central-1.amazonaws.com/Oef+23+kaakdaling+kopie.png,Voice production,articulation,Jaw dropping,"A good jaw drop improves the intelligibility, the sound is better projected and prevent unnecessarily tension in the throat area",https://streamable.com/l/7E3SSY/MP4-HIGH.MP4,https://voicebuddy.s3.eu-central-1.amazonaws.com/OF +23+ jaw dropping +kopie.png,Production vocale,articulation,Mâchoire,"Une bonne baisse de la mâchoire améliore l'intelligibilité, le son est mieux projeté et prévenir inutilement la tension dans la zone de gorge",https://streamable.com/l/7e3ssy/mp4-high.mp4,https://voicebuddy.s3.eu-entral-1.amazonaws.com/of +23+ Jaw Dropping + copy.png
24,"Lipronding
Doel:
-Verbeteren verstaanbaarheid
-beter gebruik ademsteun
-Grotere orale resonans",2,video,1,stem-productie,articulatie,Lipronding,Een goede lipronding verbetert de verstaanbaarheid en wordt het geluid beter geprojecteerd.,https://streamable.com/l/cru9w4/mp4-high.mp4,https://voicebuddy.s3.eu-central-1.amazonaws.com/Oef+24+lipronding+kopie.png,stem-productie,articulatie,Lipronding,Een goede lipronding verbetert de verstaanbaarheid en wordt het geluid beter geprojecteerd.,https://streamable.com/l/cru9w4/mp4-high.mp4,https://voicebuddy.s3.eu-central-1.amazonaws.com/Oef+24+lipronding+kopie.png,Voice production,articulation,Lipestring,Good lipurning improves the intelligibility and the sound is better projected.,https://streamable.com/l/cru9w4/mp4-high.mp4,https://voicebuddy.s3.eu-central-1.amazonaws.com/ef+24+liploing+kopie.png,Production vocale,articulation,Lipetrase,Une bonne liaison améliore l'intelligibilité et le son est mieux projeté.,https://streamable.com/l/cru9w4/mp4-high.mp4,https://voicebuddy.s3.eu-entral-1.amazonaws.com/ef+24+liploing+kopie.png
25,"Kurkoefening
Doel:
-Verbeteren verstaanbaarheid
-beter gebruik ademsteun
-Grotere orale resonans",2,video,1,stem-productie,articulatie,Kurkoefening,"Bij de kurkoefening wordt een overdreven articulatie getraind, waardoor de verstaanbaarheid verbetert.",https://streamable.com/l/eryqsc/mp4.mp4,https://voicebuddy.s3.eu-central-1.amazonaws.com/Oef+25+kurkoefening+kopie.png,stem-productie,articulatie,Kurkoefening,"Bij de kurkoefening wordt een overdreven articulatie getraind, waardoor de verstaanbaarheid verbetert.",https://streamable.com/l/eryqsc/mp4.mp4,https://voicebuddy.s3.eu-central-1.amazonaws.com/Oef+25+kurkoefening+kopie.png,Voice production,articulation,Cork exercise,"An exaggerated articulation is trained at the cork exercise, which improves intelligibility.",https://streamable.com/l/eryqsc/mp4.mp4,https://voicebuddy.s3.eu-central-1.amazonaws.com/OUP +25+ fringe exercise+kopie.png,Production vocale,articulation,Exercice de liège,"Une articulation exagérée est formée à l'exercice de liège, ce qui améliore l'intelligibilité.",https://streamable.com/l/eryqsc/mp4.mp4,https://voicebuddy.s3.eu-entral-1.amazonaws.com/oupe Exercice de frange + copy.png
26,"Tongtriller
Doel:
-Ontspanning kaak en tongbasis
-Verhogen ademsteun",2,video,1,spanning,Relaxatie fonatie,Tongtriller,Een tongtriller zorgt voor ontspanning in je keel en een goede stembandsluiting. Daarnaast vermindert de oefening ook de spanning in (de achterkant van) je tong.,https://streamable.com/l/9fbwma/mp4.mp4,https://voicebuddy.s3.eu-central-1.amazonaws.com/Oef+26+tongtriller+kopie.png,spanning,Relaxatie fonatie,Tongtriller,Een tongtriller zorgt voor ontspanning in je keel en een goede stembandsluiting. Daarnaast vermindert de oefening ook de spanning in (de achterkant van) je tong.,https://streamable.com/l/9fbwma/mp4.mp4,https://voicebuddy.s3.eu-central-1.amazonaws.com/Oef+26+tongtriller+kopie.png,voltage,Relaxation fonation,Tongue viller,"A tongue viller ensures relaxation in your throat and a good voice tape closure. In addition, the exercise also reduces tension (the back of) your tongue.",https://streamable.com/l/9fbwma/mp4.mp4,https://voicebuddy.s3.eu-central-1.amazonaws.com/ef+26+tongtriller+kopie.png,Tension,Fonation de relaxation,Langue villeuse,"Un villeur de langue assure la détente dans la gorge et une bonne fermeture de la bande voix. De plus, l'exercice réduit également la tension (le dos de) votre langue.",https://streamable.com/l/9fbwma/mp4.mp4,https://voicebuddy.s3.eu-entral-1.amazonaws.com/ef+26+tongtriller+kopie.png
28,Kaakdaling,2,tekst,1,transfer oefenmateriaal,articulatie,Kaakdaling,-,"‘Waarom huil je?’ vraagt Rayen. Hij kijkt naar het huis. ‘Het is niet eerlijk.’ zegt Laura en ze trapt tegen het houten hek. De mannen en vrouwen dragen verhuisdozen naar de vrachtauto. Rayen haalt zijn schouders op. ‘Het is maar Zeeland.’ ‘Het is veel te ver. Wanneer zie ik je dan nog?’ vraagt Laura. ‘Wat denk je van maandag?’ Rayen kruipt in een doos. Laura barst in lachen uit. ‘Plak er maar een sticker op,’ zegt Rayen, ‘dan word ik maandag al thuisbezorgd.’",https://voicebuddy.s3.eu-central-1.amazonaws.com/lezen-a-z.png,transfer oefenmateriaal,articulatie,Kaakdaling,-,"‘Waarom huil je?’ vraagt Rayen. Hij kijkt naar het huis. ‘Het is niet eerlijk.’ zegt Laura en ze trapt tegen het houten hek. De mannen en vrouwen dragen verhuisdozen naar de vrachtauto. Rayen haalt zijn schouders op. ‘Het is maar Zeeland.’ ‘Het is veel te ver. Wanneer zie ik je dan nog?’ vraagt Laura. ‘Wat denk je van maandag?’ Rayen kruipt in een doos. Laura barst in lachen uit. ‘Plak er maar een sticker op,’ zegt Rayen, ‘dan word ik maandag al thuisbezorgd.’",https://voicebuddy.s3.eu-central-1.amazonaws.com/lezen-a-z.png,Transfer exercise material,articulation,Jaw dropping,-,"""Why do you cry?"" Rayen asks. He looks at the house. ""It's not fair."" Says Laura and kicks it against the wooden fence. The men and women carry moving boxes to the truck. Rayen shrugs. ""It's but Zeeland."" ""It's way too far. When do I still see you? ""Laura asks. ""What do you think of Monday?"" Rayen crawls into a box. Laura is bursting in laughter. ""Just stick a sticker,"" Rayen says, ""then I will be delivered at home on Monday.""",https://voicebuddy.s3.eu-central-1.amazonaws.com/lezen-a-z.png,Matériel d'exercice de transfert,articulation,Mâchoire,-,"""Pourquoi pleures-tu?"" Rayen demande. Hey regarde la maison. ""Ce n'est pas juste."" Dit Laura et le frappe contre la clôture en bois. Les hommes et les femmes portent des boîtes en mouvement vers le camion. Rayen hausse les épaules. ""Ce n'est que Zélande."" ""C'est bien trop loin. Quand est-ce que je te vois encore?"" Laura demande. ""Que penses-tu de lundi?"" Rayen rampe dans une boîte. Laura a éclaté de rire. ""Il suffit de coller un autocollant"", déclare Rayen, ""alors je serai livré à la maison lundi.""",https://voicebuddy.s3.eu-entral-1.amazonaws.com/lezen-a-z.png
29,lipronding,2,tekst,1,transfer oefenmateriaal,articulatie,lipronding,-,"Mo de mot kroop in de kast. Er hingen broeken in allerlei kleuren. De leukste was de rode. Toen Mo nog een larve was, had hij er een minuscuul hapje uit genomen. De broek was niet alleen mooi, hij smaakte ook goed, naar zure matten. Mo wilde er ook wel één. Plots vloog de kastdeur open. Met een ruk trok Laura de broek eruit. ‘Bah, een mot!’ zei Rayen. ‘Nee, dat is mijn vlinder.’ antwoordde Laura. Ze duwde de deur dicht. Mo was de broek acuut vergeten. Nog nooit had iemand hem zo genoemd. Uren vloog hij rondjes door de kast.",https://voicebuddy.s3.eu-central-1.amazonaws.com/lezen-a-z.png,transfer oefenmateriaal,articulatie,lipronding,-,"Mo de mot kroop in de kast. Er hingen broeken in allerlei kleuren. De leukste was de rode. Toen Mo nog een larve was, had hij er een minuscuul hapje uit genomen. De broek was niet alleen mooi, hij smaakte ook goed, naar zure matten. Mo wilde er ook wel één. Plots vloog de kastdeur open. Met een ruk trok Laura de broek eruit. ‘Bah, een mot!’ zei Rayen. ‘Nee, dat is mijn vlinder.’ antwoordde Laura. Ze duwde de deur dicht. Mo was de broek acuut vergeten. Nog nooit had iemand hem zo genoemd. Uren vloog hij rondjes door de kast.",https://voicebuddy.s3.eu-central-1.amazonaws.com/lezen-a-z.png,Transfer exercise material,articulation,lipestring,-,"Mo the moth crawled in the cupboard. Trousers hung in all kinds of colors. The nicest was the red. When Mo was another larva, he had taken out a minuscule snack. The pants were not only beautiful, it also tasted good, to acidic mats. Mo also wanted one. Suddenly the cupboard door flew open. Laura pulled out the pants with a jerk. ""Bah, a moth!"" Rayen said. ""No, that's my butterfly."" Laura replied. She closed the door. Mo the pants were acutely forgotten. Someone had never mentioned him so much. Hours flew around the cupboard.",https://voicebuddy.s3.eu-central-1.amazonaws.com/lezen-a-z.png,Matériel d'exercice de transfert,articulation,lipetrase,-,"Mo la teigne rampée dans le placard. Pantalon suspendu à toutes sortes ou couleurs. Le plus gentil était le rouge. Quand Mo était une autre larve, il avait chargé une collation de minuscule. Le pantalon était non seulement beau, il a également goûté bien, aux tapis acides. Mo aussi voulu un. Soudain, le placard ouvert par volé. Laura a sorti le pantalon avec un imbécile. ""Bah, un papillon!"" Rayen a dit. ""Non, c'est mon papillon."" Laura a répondu. Elle a fermé. Mo le pantalon était extrêmement oublié. Quelqu'un ne l'avait jamais mentionné autant. Les heures ont volé autour du placard.",https://voicebuddy.s3.eu-entral-1.amazonaws.com/lezen-a-z.png
30,"kurkoefening
Doel:
-Verbeteren verstaanbaarheid
-beter gebruik ademsteun
-Grotere orale resonans",2,tekst,1,transfer oefenmateriaal,articulatie,kurkoefening,"Bij de kurkoefening wordt een overdreven articulatie getraind, waardoor de verstaanbaarheid verbetert.","O<b>p</b> <b>W</b>oensdag eet Rayen <b>b</b>ij Laura. <b>M</b>et z’n <b>v</b>ij<b>v</b>en o<b>m</b> de grote ta<b>f</b>el. Thuis, <b>b</b>ij zijn <b>v</b>ader, eten ze <b>m</b>et een <b>b</b>ord o<b>p</b> schoot, en <b>v</b>oet<b>b</b>al o<b>p</b> tee<b>v</b>ee. Hier staan <b>f</b>linke <b>p</b>annen o<b>p</b> ze te <b>w</b>achten, <b>v</b>ol <b>p</b>asta en <b>b</b>olognesesaus. O<b>m</b> er<b>v</b>oor te zorgen dat Laura’s <b>b</b>roertje ook <b>m</b>ee eet, <b>m</b>aakt Laura’s <b>m</b>oeder een <b>v</b>liegtuig <b>v</b>an de <b>v</b>ork. Het <b>v</b>lees <b>v</b>alt er<b>v</b>an a<b>f</b>, een noodlanding o<b>p</b> de grond. <b>M</b>onster, de kat, is er <b>v</b>lug <b>b</b>ij. Laura’s <b>v</b>ader <b>p</b>rikt <b>w</b>at <b>p</b>asta o<b>p</b> zijn <b>v</b>ork. ‘En, Rayen, jongen, <b>w</b>at <b>w</b>il jij later <b>w</b>orden?’ Hij <b>w</b>eet het <b>m</b>eteen. ‘Een gezin.’ ant<b>w</b>oord hij.",https://voicebuddy.s3.eu-central-1.amazonaws.com/lezen-a-z.png,transfer oefenmateriaal,articulatie,kurkoefening,"Bij de kurkoefening wordt een overdreven articulatie getraind, waardoor de verstaanbaarheid verbetert.","O<b>p</b> <b>W</b>oensdag eet Rayen <b>b</b>ij Laura. <b>M</b>et z’n <b>v</b>ij<b>v</b>en o<b>m</b> de grote ta<b>f</b>el. Thuis, <b>b</b>ij zijn <b>v</b>ader, eten ze <b>m</b>et een <b>b</b>ord o<b>p</b> schoot, en <b>v</b>oet<b>b</b>al o<b>p</b> tee<b>v</b>ee. Hier staan <b>f</b>linke <b>p</b>annen o<b>p</b> ze te <b>w</b>achten, <b>v</b>ol <b>p</b>asta en <b>b</b>olognesesaus. O<b>m</b> er<b>v</b>oor te zorgen dat Laura’s <b>b</b>roertje ook <b>m</b>ee eet, <b>m</b>aakt Laura’s <b>m</b>oeder een <b>v</b>liegtuig <b>v</b>an de <b>v</b>ork. Het <b>v</b>lees <b>v</b>alt er<b>v</b>an a<b>f</b>, een noodlanding o<b>p</b> de grond. <b>M</b>onster, de kat, is er <b>v</b>lug <b>b</b>ij. Laura’s <b>v</b>ader <b>p</b>rikt <b>w</b>at <b>p</b>asta o<b>p</b> zijn <b>v</b>ork. ‘En, Rayen, jongen, <b>w</b>at <b>w</b>il jij later <b>w</b>orden?’ Hij <b>w</b>eet het <b>m</b>eteen. ‘Een gezin.’ ant<b>w</b>oord hij.",https://voicebuddy.s3.eu-central-1.amazonaws.com/lezen-a-z.png,Transfer exercise material,articulation,cork exercise,"An exaggerated articulation is trained at the cork exercise, which improves intelligibility.","O <B> P </ B> <B> W </ B> OSDY EATS RAYEN <B> B </ B> IJ Laura. <b> m </ b> et are <b> v </ b> ij <b> v </ b> and o <b> m </ b> the large ta <b> f </ b> El. At home, <b> B </ b> IJ are <b> v </ b> vein, they eat <b> m </ b> et a <b> b </ b> order o <b> p </ b> Schoot, and <b> v </ b> Oet <b> b </ b> Al o <b> p </ b> tee <b> v </ b> ee. Here are <B> F </ B> LINKE <B> P </ B> ANNEN O <B> P </ B> they have to <b> w </ b> eight, <b> v </ b> ol <b> P </ B> ASTA and <B> B </ B> Olognesus sauce. O <B> M </ B> ER <B> V </ B> Ear to ensure that Laura's <b> B </ b> stirrer also eats <b> m </ b> ee, <b> m </ B> Aakt Laura's <b> M </ b> Oeder a <b> v </ b> Loegen <b> v </ b> an the <b> v </ b> Ork. The <b> v </ b> Read <b> v </ b> Alt er <b> v </ b> an a <b> f </ b>, an emergency landing o <b> p </ b> the ground. <b> m </ b> Onster, the cat, is there <b> v </ b> Lug <b> b </ b> IJ. Laura's <b> v </ b> vein <b> p </ b> ricken <b> w </ b> at <b> p </ b> asta o <b> p </ b> are <b> v </ b> Ork. ""And, Rayen, boy, <b> w </ b> at <b> w </ b> il you later <b> w </ b> orden?"" He <b> w </ b> Eat it < B> M </ B> Eleen. ""A family."" Ant <b> W </ b> Oord he.",https://voicebuddy.s3.eu-central-1.amazonaws.com/lezen-a-z.png,Matériel d'exercice de transfert,articulation,Exercice de liège,"Une articulation exagérée est formée à l'exercice de liège, ce qui améliore l'intelligibilité.","O <B> P </ B> <B> W </ B> Osdy mange Rayen <B> B </ B> IJ Laura. <B> M </ B> ET sont <B> V </ B> IJ <B> V </ B> et O <B> M </ B> LE GRAND TA <B> F </ B> EL. À la maison, <B> B </ B> IJ sont <B> V </ B> Vein, ils mangent <B> M </ B> ET A <B> B </ B> Commandez O <B> P < / B> SCHOOT et <B> V </ B> OET <B> B </ B> AL <B> P </ B> TEE <B> V </ B> EE. Voici <B> F </ B> LINKHE <B> P </ B> Annen O <B> P </ B> Ils doivent <B> W </ B> Huit, <B> V </ B> OL <B> P </ B> ASTA et <B> B </ B> Sauce d'Omannesus. O <b> m </ b> er <b> v </ b> oreille pour vous assurer que l'agitateur <B> B </ B> Laura mange également <B> M </ B> EE, <B> M </ B> AAKT Laura's <B> M </ B> Oeder A <B> V </ B> LEGEN <B> V </ B> A <B> V </ B> ork. <B> V </ B> LIRE <B> V </ B> ALT ER <B> V </ B> A A <B> F </ B>, un atterrissage d'urgence O <B> P </ B > Le sol. <B> M </ B> ONSTERS, le chat, il y a là <B> V </ B> LUG <B> B </ B> IJ. Laura's <b> v </ b> veine <b> p </ b> Ricken <B> w </ b> à <B> P </ B> ASTA O <B> P </ B> est <B> v </ b> ork. ""Et, Rayen, garçon, <B> W </ B> AT <B> W </ B> Il vous avez plus tard <B> W </ B> ORDEN?"" Hey <b> w </ b> mangez-le <b> m </ b> eleen. ""Une famille."" Ant <b> w </ b> Oord il.",https://voicebuddy.s3.eu-entral-1.amazonaws.com/lezen-a-z.png
31,Alveolaire rand,2,tekst,1,transfer oefenmateriaal,articulatie,Alveolaire rand,-,"Op woe<b>nsd</b>ag ee<b>t</b> Raye<b>n</b> bij <b>L</b>aura. Me<b>t</b> <b>z</b>`<b>n</b> vijve<b>n</b> om <b>d</b>e gro<b>t</b>e <b>t</b>afe<b>l</b>. <b>T</b>hui<b>s</b>, bij <b>z</b>ijn va<b>d</b>er, e<b>t</b>e<b>n</b> <b>z</b>e me<b>t</b> ee<b>n</b> bor<b>d</b> op <b>s</b>choo<b>t</b>, e<b>n</b> voe<b>t</b>a<b>l</b> op <b>t</b>eevee. Hier <b>st</b>aa<b>n</b> f<b>l</b>i<b>n</b>ke pa<b>nn</b>e<b>n</b> op <b>z</b>e <b>t</b>e wach<b>t</b>e<b>n</b>, vo<b>l</b> pa<b>st</b>a e<b>n</b> bo<b>l</b>og<b>n</b>e<b>s</b>e<b>s</b>au<b>s</b>. Om ervoor <b>t</b>e <b>z</b>orge<b>n</b> <b>d</b>a<b>t</b> <b>L</b>aura`<b>s</b> broer<b>t</b>je ook mee ee<b>t</b>, maak<b>t</b> <b>L</b>aura`<b>s</b> moe<b>d</b>er ee<b>n</b> v<b>l</b>ieg<b>t</b>uig va<b>n</b> <b>d</b>e vork. He<b>t</b> v<b>l</b>ee<b>s</b> va<b>lt</b> erva<b>n</b> af, ee<b>n</b> <b>n</b>oo<b>dl</b>a<b>nd</b>i<b>n</b>g op <b>d</b>e gro<b>nd</b>. Mo<b>nst</b>er, <b>d</b>e ka<b>t</b>, i<b>s</b> er v<b>l</b>ug bij. <b>L</b>aura`<b>s</b> va<b>d</b>er prik<b>t</b> wa<b>t</b> pa<b>st</b>a op <b>z</b>ij<b>n</b> vork. ‘E<b>n</b>, Raye<b>n</b>, jo<b>n</b>ge<b>n</b>, wa<b>t</b> wi<b>l</b> jij <b>l</b>a<b>t</b>er wor<b>d</b>e<b>n</b>?’ Hij wee<b>t</b> he<b>t</b> me<b>t</b>ee<b>n</b>. ‘Ee<b>n</b> ge<b>z</b>i<b>n</b>. ’a<b>n</b>woor<b>d</b> hij.",https://voicebuddy.s3.eu-central-1.amazonaws.com/lezen-a-z.png,transfer oefenmateriaal,articulatie,Alveolaire rand,-,"Op woe<b>nsd</b>ag ee<b>t</b> Raye<b>n</b> bij <b>L</b>aura. Me<b>t</b> <b>z</b>`<b>n</b> vijve<b>n</b> om <b>d</b>e gro<b>t</b>e <b>t</b>afe<b>l</b>. <b>T</b>hui<b>s</b>, bij <b>z</b>ijn va<b>d</b>er, e<b>t</b>e<b>n</b> <b>z</b>e me<b>t</b> ee<b>n</b> bor<b>d</b> op <b>s</b>choo<b>t</b>, e<b>n</b> voe<b>t</b>a<b>l</b> op <b>t</b>eevee. Hier <b>st</b>aa<b>n</b> f<b>l</b>i<b>n</b>ke pa<b>nn</b>e<b>n</b> op <b>z</b>e <b>t</b>e wach<b>t</b>e<b>n</b>, vo<b>l</b> pa<b>st</b>a e<b>n</b> bo<b>l</b>og<b>n</b>e<b>s</b>e<b>s</b>au<b>s</b>. Om ervoor <b>t</b>e <b>z</b>orge<b>n</b> <b>d</b>a<b>t</b> <b>L</b>aura`<b>s</b> broer<b>t</b>je ook mee ee<b>t</b>, maak<b>t</b> <b>L</b>aura`<b>s</b> moe<b>d</b>er ee<b>n</b> v<b>l</b>ieg<b>t</b>uig va<b>n</b> <b>d</b>e vork. He<b>t</b> v<b>l</b>ee<b>s</b> va<b>lt</b> erva<b>n</b> af, ee<b>n</b> <b>n</b>oo<b>dl</b>a<b>nd</b>i<b>n</b>g op <b>d</b>e gro<b>nd</b>. Mo<b>nst</b>er, <b>d</b>e ka<b>t</b>, i<b>s</b> er v<b>l</b>ug bij. <b>L</b>aura`<b>s</b> va<b>d</b>er prik<b>t</b> wa<b>t</b> pa<b>st</b>a op <b>z</b>ij<b>n</b> vork. ‘E<b>n</b>, Raye<b>n</b>, jo<b>n</b>ge<b>n</b>, wa<b>t</b> wi<b>l</b> jij <b>l</b>a<b>t</b>er wor<b>d</b>e<b>n</b>?’ Hij wee<b>t</b> he<b>t</b> me<b>t</b>ee<b>n</b>. ‘Ee<b>n</b> ge<b>z</b>i<b>n</b>. ’a<b>n</b>woor<b>d</b> hij.",https://voicebuddy.s3.eu-central-1.amazonaws.com/lezen-a-z.png,Transfer exercise material,articulation,Alveolar border,-,"ON WOE <B> NSD </ B> AG EE <B> T </ B> RAYE <B> N </ B> at <B> L </ B> Aura. Me <B> T </ B> <B> Z </ B> `<B> N </ B> VEVE <B> N </ B> OM <B> D </ B> E GRO <B> T </ b> E <b> t </ b> afe <b> l </ b>. <b> T </ b> Hui <b> s </ b>, at <b> z </ b> Iijn va <b> D </ b> ER, E <B> T </ B> E < B> N </ B> <B> Z </ B> E ME <B> T </ B> EE <B> N </ B> BOR <B> D </ B> at <B> S </ b> Choo <B> T </ B>, E <B> N </ B> VOE <B> T </ B> A <B> L </ B> at <B> T </ B> EEVEE. Here <B> ST </ B> AA <B> N </ B> F <B> N </ B> I <B> N </ B> KE PA <B> NN </ B> E <B> n </ b> at <b> z </ b> E <b> T </ b> E WOCH <B> T </ B> E <B> N </ B>, VO <B> L </ B> PA <B> ST </ B> AE <B> N </ B> BO <B> L </ B> OG <B> N </ B> E <B> S </ B> E <B > s </ b> au <b> s </ b>. To make sure <b> T </ b> E <b> z </ b> orge <b> n </ b> <b> d </ b> a <b> t </ b> <b> l < / b> aura` <b> s </ b> brother <b> t </ b> You also come along with a <b> t </ b>, Make <b> t </ b> <b> l </ B> Aura` <b> s </ b> Moe <B> D </ B> ERE <B> N </ B> V <B> L </ B> IEG <B> T </ B> UIG VA <B> N </ B> <B> D </ B> E FORK. HE <B> T </ B> V <B> L </ B> EE <B> S </ B> VA <B> LT </ B> EVERA <B> N </ B> AF, EE <B > n </ b> <b> n </ b> oo <b> dl </ b> a <b> nd </ b> i <b> n </ b> g at <b> d </ b > E Gro <b> ND </ b>. MO <B> NST </ B> ER, <B> D </ B> E KA <B> T </ B>, I <B> S </ B> ER V <B> L </ B> UG Bee. <b> l </ b> aura` <b> s </ b> va <b> d </ b> ER Prik <B> T </ B> WA <B> T </ B> PA <B> St </ b> A at <b> z </ b> ij <b> n </ b> fork. 'E <B> N </ B>, RAYE <B> N </ B>, JO <B> N </ B> GE <B> N </ B>, WA <B> T </ B> WI <B> L </ B> YOU <B> L </ B> A <B> T </ B> ER WOR <B> D </ B> E <B> N </ B>? ""He Wee < b> T </ B> HE <B> T </ B> ME <B> T </ B> EE <B> N </ B>. 'EE <B> N </ B> GE <B> Z </ B> I <B> N </ B>. ""A <B> N </ B> WOOR <B> D </ B> HE.",https://voicebuddy.s3.eu-central-1.amazonaws.com/lezen-a-z.png,Matériel d'exercice de transfert,articulation,Frontière alvéolaire,-,"Sur Woe <B> NSD </ B> AG EE <B> T </ B> RAYE <B> N </ B> AT <B> L </ B> AURA. Moi <b> t </ b> <b> z </ b> `<b> n </ b> veve <b> n </ b> à <b> d </ b> e gro <b> t </ B> E <B> T </ B> AFE <B> L </ B>. <B> T </ B> HUI <B> S </ B>, AT <B> Z </ B> IIJN VA <B> D </ B> ER, E <B> T </ B> E < B> N </ B> <B> Z </ B> E ME <B> T </ B> EE <B> N </ B> BOR <B> D </ B> AT <B> S </ B> CHOO <B> T </ B>, E <B> N </ B> VOE </ B> A </ B> A <B> L </ B> AT <B> T </ B> EEvee. Ici <B> ST </ B> AA <B> N </ B> F <B> N </ B> I <B> N </ B> KE PA <B> NN </ B> E <B> N </ b> à <b> z </ b> e <b> t </ b> e woch <b> t </ b> e <b> n </ b>, vo <b> l </ B> PA <B> ST </ B> AE <B> N </ B> BO <B> L </ B> OG <B> N </ B> E <B> S </ B> E <B > S </ B> AU <B> S </ B>. Pour vous assurer <B> T </ B> E <B> Z </ B> Orge <B> N </ B> <B> D </ B> A <B> T </ B> <B> L </ B> AURA` <B> S </ B> Brother <B> T </ B> Vous venez avec un <B> T </ B>, maquillage <B> T </ B> <B> L </ b> AURA` <B> S </ B> MODE <B> D </ B> ERE <B> N </ B> V <B> L </ B> IEG <B> T </ B > UIG VA <B> N </ B> <B> D </ B> E Fourche. Il <B> T </ B> V <B> L </ B> EE <B> S </ B> VA <B> LT </ B> EVERA <B> N </ B> AF, EE <B > N </ B> <B> N </ B> OO <B> DL </ B> A <B> ND </ B> I <B> N </ B> G AT <B> D </ B > E GRO <B> ND </ B>. MO <B> NST </ B> ER, <B> D </ B> E KA <B> T </ B>, I <B> S </ B> ER V <B> L </ B> UG Abeille. <B> L </ B> AURA` <B> S </ B> VA <B> D </ B> ER PRIK <B> T </ B> WA <B> T </ B> PA <B> St </ B> A à <B> Z </ B> IJ <B> N </ B> Fourchette. ""E <B> N </ B>, RAYE <B> N </ B>, JO <B> N </ B> GE <B> N </ B>, WA <B> T </ B> WI <B> L </ B> VOUS <B> L </ B> A <B> T </ B> ER <B> D </ B> E <B> N </ B>? ""Il <b> t </ b> il <b> t </ b> ME <B> T </ B> EE <B> N </ B>. 'EE <B> N </ B> GE <B> Z </ B> I <B> N </ B>. ""A <B> N </ B> WOOR <B> D </ B> HE.",https://voicebuddy.s3.eu-entral-1.amazonaws.com/lezen-a-z.png
32,Resonans M,2,tekst,1,transfer oefenmateriaal,resonans,Resonans M,-,"Monster, de kater met mooie manen, marcheerde door het huis. Hij miste de mensen. Ze waren niet thuis. Maar daar was Mo de mot, midden op zijn neus. ‘Tikkie, jij bent ‘m.’ Mo steeg op, metershoog. Monster maakte zich gereed, mikkend op mosterdgele gordijnen. Zijn monsterklauwen maakten scheuren in het materiaal. ‘Kun je misschien iets lager vliegen,’ mopperde hij. ‘Mij niet gezien, mompelde Mo. Die middag kwamen de mensen thuis. Het was een monsterbende. Van onder de bank miauwde Monster: ‘Maar ik had je mooi wel Mo!’",https://voicebuddy.s3.eu-central-1.amazonaws.com/lezen-m.png,transfer oefenmateriaal,resonans,Resonans M,-,"Monster, de kater met mooie manen, marcheerde door het huis. Hij miste de mensen. Ze waren niet thuis. Maar daar was Mo de mot, midden op zijn neus. ‘Tikkie, jij bent ‘m.’ Mo steeg op, metershoog. Monster maakte zich gereed, mikkend op mosterdgele gordijnen. Zijn monsterklauwen maakten scheuren in het materiaal. ‘Kun je misschien iets lager vliegen,’ mopperde hij. ‘Mij niet gezien, mompelde Mo. Die middag kwamen de mensen thuis. Het was een monsterbende. Van onder de bank miauwde Monster: ‘Maar ik had je mooi wel Mo!’",https://voicebuddy.s3.eu-central-1.amazonaws.com/lezen-m.png,Transfer exercise material,resonance,Resonance M,-,"Monster, the hangover with beautiful mane, marched through the house. He missed the people. They were not at home. But there MO was the moth, in the middle of his nose. 'Tikkie, you're' m. 'Mo rose, meters high. Monster was ready, aiming on mustard yellow curtains. His sample covers made cracks in the material. ""You might fly slightly lower,"" he grumbled. ""I didn't see me, Mo. muttered People came home that afternoon. It was a monster gang. Monster from under the couch: ""But I had you like MO!""",https://voicebuddy.s3.eu-central-1.amazonaws.com/lezen-m.png,Matériel d'exercice de transfert,résonance,Résonance m,-,"Monstre, la gueule de bois avec une belle crinière, passa à travers la maison. Il a raté les gens. Ils n'étaient pas à la maison. Mais là, il était le papillon, au milieu de son nez. 'Tikkie, tu es ""Mo rose, mètres haut. Monster était prêt, visant les rideaux jaunes de moutarde. Son échantillon couvre fait des fissures dans le matériau. ""Vous pourriez voler légèrement plus bas"", grommela-t-il. ""Je ne m'avais pas vu, Mo. Mourdis que les gens sont rentrés à la maison cet après-midi. C'était un couloir monstre. Monstre de sous le canapé:"" Mais je t'ai dit que MO! """,https://voicebuddy.s3.eu-entral-1.amazonaws.com/lezen-m.png
33,Resonans N,2,tekst,1,transfer oefenmateriaal,resonans,Resonans N,-,"Naast het huis nestelt de nachtegaal zich. Laura nadert het nette nest. ‘Nou, mevrouw de nachtegaal, weer wat nieuws.’ Negen schaaltjes had ze al neergezet. Met noten, nagelkaas, nat brood, nectarine, noem maar op. Maar de nachtegaal nam niks. Op het bord kronkelt nu een natte worm. De nachtegaal negeert het. Laura slaat haar ogen neer. Op weg naar huis kijkt ze nog één keer nieuwsgierig achterom. De nachtegaal schrokt de worm naar binnen. Zie je, denkt Laura, nooit opgeven.",https://voicebuddy.s3.eu-central-1.amazonaws.com/lezen-n.png,transfer oefenmateriaal,resonans,Resonans N,-,"Naast het huis nestelt de nachtegaal zich. Laura nadert het nette nest. ‘Nou, mevrouw de nachtegaal, weer wat nieuws.’ Negen schaaltjes had ze al neergezet. Met noten, nagelkaas, nat brood, nectarine, noem maar op. Maar de nachtegaal nam niks. Op het bord kronkelt nu een natte worm. De nachtegaal negeert het. Laura slaat haar ogen neer. Op weg naar huis kijkt ze nog één keer nieuwsgierig achterom. De nachtegaal schrokt de worm naar binnen. Zie je, denkt Laura, nooit opgeven.",https://voicebuddy.s3.eu-central-1.amazonaws.com/lezen-n.png,Transfer exercise material,resonance,Resonance N,-,"Nighting steel nesting next to the house. Laura approaches the neat nest. ""Well, Madam De Nachtegaal, again some news."" Nine bowls had already arrived. With nuts, nail cheese, wet bread, nectarine, name it. But the nightingale didn't take anything. A wet worm writhes on the board. The nightingale ignores it. Laura beats her eyes. On the way home, she looks more curious about once more. The nightingale was shocked in the worm. See you, Laura thinks, never give up.",https://voicebuddy.s3.eu-central-1.amazonaws.com/lezen-n.png,Matériel d'exercice de transfert,résonance,Résonance n,-,"Night Steel Narding à côté de la maison. Laura s'approche du nid soigné. ""Eh bien, madame de Nachtegaal, encore une fois quelques nouvelles."" Neuf bols avaient Arréalady arrivé. Avec des noix, du fromage à ongles, du pain de droit, de la nectarine, nommez-le. Mais le rossignol n'a rien pris. Une loi Wer Withes au tableau. Le rossignol l'ignore. Laura bat les yeux. Sur le chemin du retour, elle a une fois de plus curieuse environ. Le rossignol a été choqué dans le ver. Rendez-vous, Laura pense, n'abandonnez jamais.",https://voicebuddy.s3.eu-entral-1.amazonaws.com/lezen-n.png
34,Resonans combi,2,tekst,1,transfer oefenmateriaal,resonans,Resonans combi,-,"Op de vensterbank zit Monster de kater, zijn natte neus maakt vlekken op het raam. In de voortuin zit de nachtegaal op haar nest. Ze is aan het zingen. Het is nog mooier dan muziek. Zacht begint Monster mee te neuriën. ‘Zit je weer te miauwen?’ zegt vadermens. Een zachte hand raakt zijn vacht. Verbaasd kijkt Monster op. ‘Je ziet toch dat ik aan het zingen ben?’ miauwt hij. Mensen zijn maar vreemd.",https://voicebuddy.s3.eu-central-1.amazonaws.com/lezen-a-z.png,transfer oefenmateriaal,resonans,Resonans combi,-,"Op de vensterbank zit Monster de kater, zijn natte neus maakt vlekken op het raam. In de voortuin zit de nachtegaal op haar nest. Ze is aan het zingen. Het is nog mooier dan muziek. Zacht begint Monster mee te neuriën. ‘Zit je weer te miauwen?’ zegt vadermens. Een zachte hand raakt zijn vacht. Verbaasd kijkt Monster op. ‘Je ziet toch dat ik aan het zingen ben?’ miauwt hij. Mensen zijn maar vreemd.",https://voicebuddy.s3.eu-central-1.amazonaws.com/lezen-a-z.png,Transfer exercise material,resonance,Resonance Combi,-,"On the windowsill sample is sample the hangover, its wet nose makes stains on the window. In the front garden the nightingale is on its nest. She is singing. It is even more beautiful than music. Soft starts to neurize monster. ""Do you have to meweed again?"" Father man says. A soft hand touches its coat. Sample looks up surprised. ""You see that I am singing?"" He meows. People are strange.",https://voicebuddy.s3.eu-central-1.amazonaws.com/lezen-a-z.png,Matériel d'exercice de transfert,résonance,Combi résonance,-,"Sur l'échantillon de Windowsill échantillon de la gueule de bois, son nez humide fait des taches sur la fenêtre. Dans le jardin avant, la rossignol est sur son nid. Elle chante. C'est aussi beau que la musique. Soft commence à des échantillons de neuriser. ""Est-ce que tu as à nouveau mégoire?"" Le père homme dit. Une main douce touche son manteau. L'échantillon se lève surpris. ""Vous voyez que je chante?"" Hey meows. Les gens sont étranges.",https://voicebuddy.s3.eu-entral-1.amazonaws.com/lezen-a-z.png
35,Loslaatoefening,2,tekst,1,transfer oefenmateriaal,Adembeheersing,Loslaatoefening,-,"Laura kijkt om zich heen naar alles wat er nog staat. De tafel waar de tafel hoort en daarboven de lamp die als je goed kijkt scheef hangt. Haar vader had het jaren geleden op zijn kluslijst gezet. De lijst die hij vol goede moed was begonnen hing op de koelkast onder de tekeningen van haar broertje. Ze vraagt zich af wat er eerder weg zal zijn, of eerst de lamp of de kluslijst zal worden ingepakt. Als ze nog eens naar de lamp kijkt beseft ze dat hij eigenlijk precies goed hangt. Voorzichtig stopt ze de kluslijst zonder dat haar vader het ziet in de zak van haar rode broek.",https://voicebuddy.s3.eu-central-1.amazonaws.com/lezen-a-z.png,transfer oefenmateriaal,Adembeheersing,Loslaatoefening,-,"Laura kijkt om zich heen naar alles wat er nog staat. De tafel waar de tafel hoort en daarboven de lamp die als je goed kijkt scheef hangt. Haar vader had het jaren geleden op zijn kluslijst gezet. De lijst die hij vol goede moed was begonnen hing op de koelkast onder de tekeningen van haar broertje. Ze vraagt zich af wat er eerder weg zal zijn, of eerst de lamp of de kluslijst zal worden ingepakt. Als ze nog eens naar de lamp kijkt beseft ze dat hij eigenlijk precies goed hangt. Voorzichtig stopt ze de kluslijst zonder dat haar vader het ziet in de zak van haar rode broek.",https://voicebuddy.s3.eu-central-1.amazonaws.com/lezen-a-z.png,Transfer exercise material,Breathing,Loosening,-,"Laura looks around to everything that is still there. The table where the table belongs and above the lamp that looks like you look closely hangs. Her father had put on his job list years ago. The list he had begun was started in the fridge under the drawings of her brother. She wonders what will rather be gone, or first the lamp or the job list will be packed. When she looks at the lamp, she realizes that he actually hangs exactly well. Caution she stops the handyman without her father sees it in the bag of her red pants.",https://voicebuddy.s3.eu-central-1.amazonaws.com/lezen-a-z.png,Matériel d'exercice de transfert,Respiration,Relâchement,-,"Laura regarde autour de tout ce qui est toujours là. La table où appartient la table et au-dessus de la lampe qui ressemble à vous regarder de près. Son père avait mis sa liste d'emploi il y a des années. La liste qu'il avait commencé a été lancée dans le frigo sous les dessins de son frère. Elle se demande ce qui sera préféré être parti, ou d'abord la lampe ou la liste de travail sera emballé. Quand elle regarde la lampe, elle se rend compte qu'il se bloque vraiment bien. Attention, elle arrête le bricoleur sans son père le voit dans le sac ou son pantalon rouge.",https://voicebuddy.s3.eu-entral-1.amazonaws.com/lezen-a-z.png
36,Extra verhaal combi oefening,2,tekst,1,transfer oefenmateriaal,"Adembeheersing, resonans, articulatie",Extra verhaal alles bij elkaar oefening,Extra verhaal alles bij elkaar oefening,"Laura en Rayen zitten op de grote tafel. Niet eraan, nee, erop. Van Laura’s moeder kregen ze een laser, een klein, rood lampje waarmee je op de grond, maar ook op de muur kunt schijnen. Monster de kater, rent erachter aan. Zijn pupillen zijn groot. Mo de mot moedigt hem aan. Samen met de nachtegaal zit hij in de Vensterbank. Zij buiten, hij binnen. Uit de keuken komt een winterse geur, Laura’s vader warmt chocolademelk op. Rayen beweegt de laser op de muur. Monster zet zich af en springt een meter in de lucht. Iedereen juicht als Monster het rode puntje te pakken heeft. Laura kijkt om zich heen naar de dozen die tot het plafond staan opgestapeld. Een ding weet ze zeker: dit huis zal, net als haar hart, altijd vol zijn.",https://voicebuddy.s3.eu-central-1.amazonaws.com/lezen-a-z.png,transfer oefenmateriaal,"Adembeheersing, resonans, articulatie",Extra verhaal alles bij elkaar oefening,Extra verhaal alles bij elkaar oefening,"Laura en Rayen zitten op de grote tafel. Niet eraan, nee, erop. Van Laura’s moeder kregen ze een laser, een klein, rood lampje waarmee je op de grond, maar ook op de muur kunt schijnen. Monster de kater, rent erachter aan. Zijn pupillen zijn groot. Mo de mot moedigt hem aan. Samen met de nachtegaal zit hij in de Vensterbank. Zij buiten, hij binnen. Uit de keuken komt een winterse geur, Laura’s vader warmt chocolademelk op. Rayen beweegt de laser op de muur. Monster zet zich af en springt een meter in de lucht. Iedereen juicht als Monster het rode puntje te pakken heeft. Laura kijkt om zich heen naar de dozen die tot het plafond staan opgestapeld. Een ding weet ze zeker: dit huis zal, net als haar hart, altijd vol zijn.",https://voicebuddy.s3.eu-central-1.amazonaws.com/lezen-a-z.png,Transfer exercise material,"Breath management, resonance, articulation",Extra story All together Exercise,Extra story All together Exercise,"Laura and Rayen are on the large table. Not there, no, on it. From Laura's mother they got a laser, a small, red light with which you can shine on the floor, but also on the wall. Monster De Kater, runs out. His pupils are large. Mo the moth encourages him. Together with the nightingale he is in the windowsill. They outside, he inside. The kitchen comes a winter scent, Laura's father warms up chocolate milk. Rayen moves the laser on the wall. Monster turns off and jumps a meter in the air. Everyone welcomes the red tip as a monster. Laura looks around to the boxes that are piled until the ceiling. She certainly knows one thing: just like her heart, this house will be full.",https://voicebuddy.s3.eu-central-1.amazonaws.com/lezen-a-z.png,Matériel d'exercice de transfert,"Gestion du souffle, résonance, articulation",Histoire supplémentaire tous les exercices,Histoire supplémentaire tous les exercices,"Laura et Rayen sont sur la grande table. Pas là, non, dessus. De la mère de Laura, ils ont un laser, une petite lumière rouge avec laquelle vous pouvez briller sur le sol, mais aussi sur le mur. Monstre la gueule de bois, épuise. Ses élèves sont grands. Mo le mith l'encourage. Avec le rossignol, il est dans le rebord de la fenêtre. Ils dehors, il à l'intérieur. La cuisine vient un parfum d'hiver, le père de Laura réchauffe du lait au chocolat. Rayen déplace le laser sur le mur. Monstre s'éteint et saute un mètre dans l'air. Tout le monde accueille la pointe rouge comme un monstre. Laura regarde autour des cases qui sont empilées jusqu'au plafond. Elle sait certainement une chose: comme son cœur, cette maison sera pleine.",https://voicebuddy.s3.eu-entral-1.amazonaws.com/lezen-a-z.png
37,Volume (schoolplein),2,audio,1,transfer oefenmateriaal,Ademvolume,Volume in rumoerige ruimte (schoolplein),Oefen met deze audio je vaardigheid om op een ontspannen manier met groot volume te spreken in een rumoerige ruimte.,https://voicebuddy.s3.eu-central-1.amazonaws.com/Voice+Buddy+Volume+oefening+schoolplein.mp3,https://voicebuddy.s3.eu-central-1.amazonaws.com/schoolplein+audio.png,transfer oefenmateriaal,Ademvolume,Volume in rumoerige ruimte (schoolplein),Oefen met deze audio je vaardigheid om op een ontspannen manier met groot volume te spreken in een rumoerige ruimte.,https://voicebuddy.s3.eu-central-1.amazonaws.com/Voice+Buddy+Volume+oefening+schoolplein.mp3,https://voicebuddy.s3.eu-central-1.amazonaws.com/schoolplein+audio.png,Transfer exercise material,Breathing volume,Volume in noise space (schoolyard),Practice your skill with this audio to speak in a relaxed way with a large volume in a noisy room.,https://voicebuddy.s3.eu-central-1.amazonaws.com/voice+buddy+volume + practicejeschoolplein.mp3,https://voicebuddy.s3.eu-central-1.amazonaws.com/choolplein +Audio.png,Matériel d'exercice de transfert,Volume de respiration,Volume dans l'espace de bruit (cour d'école),Pratiquez votre compétence avec cet audio pour parler d'une manière détendue avec un grand volume dans une pièce bruyante.,https://voicebuddy.s3.eu-entral-1.amazonaws.com/voice+Buddy+volume + PratiqueJeschoolpleIn.mp3,https://voicebuddy.s3.eu-entral-1.amazonaws.com/choolplein + audio.png
38,Volume (bargeluiden),2,audio,1,transfer oefenmateriaal,Ademvolume,Volume in rumoerige ruimte (bargeluiden),Oefen met deze audio je vaardigheid om op een ontspannen manier met groot volume te spreken in een rumoerige ruimte.,https://voicebuddy.s3.eu-central-1.amazonaws.com/VOLUME+OEFENEN+BARGELUIDEN+-+24-03-2021+11.44.mp3,https://voicebuddy.s3.eu-central-1.amazonaws.com/bar+audio.png,transfer oefenmateriaal,Ademvolume,Volume in rumoerige ruimte (bargeluiden),Oefen met deze audio je vaardigheid om op een ontspannen manier met groot volume te spreken in een rumoerige ruimte.,https://voicebuddy.s3.eu-central-1.amazonaws.com/VOLUME+OEFENEN+BARGELUIDEN+-+24-03-2021+11.44.mp3,https://voicebuddy.s3.eu-central-1.amazonaws.com/bar+audio.png,Transfer exercise material,Breathing volume,Volume in noise space (Bargeluiden),Practice your skill with this audio to speak in a relaxed way with a large volume in a noisy room.,https://voicebuddy.s3.eu-central-1.amazonws.com/volume + exercises+ bar sounds +- +24-03-2021+11.44.mp3,https://voicebuddy.s3.eu-central-1.amazonaws.com/bar+audio.png,Matériel d'exercice de transfert,Volume de respiration,Volume dans l'espace de bruit (Bargeluiden),Pratiquez votre compétence avec cet audio pour parler d'une manière détendue avec un grand volume dans une pièce bruyante.,https://voicebuddy.s3.eu-entral-1.amazons.com/volume + exercices + sons de barre + - + 24-03-2021 + 11.44.mp3,https://voicebuddy.s3.eu-entral-1.amazonaws.com/bar+audio.png
39,Bodyscan (met zandloper),2,audio,0,transfer oefenmateriaal,Relaxatie,Bodyscan (met zandloper),-,http://www...mp3,https://voicebuddy.s3.eu-central-1.amazonaws.com/no_content.gif,transfer oefenmateriaal,Relaxatie,Bodyscan (met zandloper),-,http://www...mp3,https://voicebuddy.s3.eu-central-1.amazonaws.com/no_content.gif,Transfer exercise material,Relaxation,Bodyscan (with hourglass),-,http: //www...mp3,https://voicebuddy.s3.eu-central-1.amazonws.com/no_content.gif,Matériel d'exercice de transfert,Relaxation,Bodyscan (avec sablier),-,http: //www...mp3,https://voicebuddy.s3.eu-entral-1.amazons.com/no_content.gif
40,Accent Largo,2,audio,1,transfer oefenmateriaal,"Adembeheersing, Sluiting, trilling",Accentmethode Largo,Door gebruik te maken van het ritme van je ademhaling worden stem en adem goed op elkaar afgestemd zodat je je stem ontspannen kan inzetten.,https://voicebuddy.s3.eu-central-1.amazonaws.com/11+accent+methode+largo+audio+s3.mp3,https://voicebuddy.s3.eu-central-1.amazonaws.com/icoon-largo.png,transfer oefenmateriaal,"Adembeheersing, Sluiting, trilling",Accentmethode Largo,Door gebruik te maken van het ritme van je ademhaling worden stem en adem goed op elkaar afgestemd zodat je je stem ontspannen kan inzetten.,https://voicebuddy.s3.eu-central-1.amazonaws.com/11+accent+methode+largo+audio+s3.mp3,https://voicebuddy.s3.eu-central-1.amazonaws.com/icoon-largo.png,Transfer exercise material,"Breathing, closure, vibration",Accent method Largo,"By using the rhythm of your breathing, voice and breath are well coordinated so that you can bet your voice relaxed.",https://voicebuddy.s3.eu-central-1.amazonaws.com/11+accent+Methode+Largo+Audio+s3.mp3,https://voicebuddy.s3.eu-central-1.amazonaws.com/icoon-gargo.png,Matériel d'exercice de transfert,"Respiration, fermeture, vibration",Méthode d'accent Largo,"En utilisant le rythme de votre respiration, la voix et la respiration sont bien coordonnées afin que vous puissiez parier votre voix détendue.",https://voicebuddy.s3.eu-entral-1.amazonaws.com/11+cent+Methode+Largo+audio+S3.mp3,https://voicebuddy.s3.eu-entral-1.amazonws.com/icoon-grago.png
41,Accent Andante,2,audio,1,transfer oefenmateriaal,"Adembeheersing, Sluiting, trilling,",Accentmethode Andante,Door gebruik te maken van het ritme van je ademhaling worden stem en adem goed op elkaar afgestemd zodat je je stem ontspannen kan inzetten.,https://voicebuddy.s3.eu-central-1.amazonaws.com/12+andante+AUDIO+-+25-05-2021+10.42.mp3,https://voicebuddy.s3.eu-central-1.amazonaws.com/icoon-andante.png,transfer oefenmateriaal,"Adembeheersing, Sluiting, trilling,",Accentmethode Andante,Door gebruik te maken van het ritme van je ademhaling worden stem en adem goed op elkaar afgestemd zodat je je stem ontspannen kan inzetten.,https://voicebuddy.s3.eu-central-1.amazonaws.com/12+andante+AUDIO+-+25-05-2021+10.42.mp3,https://voicebuddy.s3.eu-central-1.amazonaws.com/icoon-andante.png,Transfer exercise material,"Breathing, closure, vibration,",Accent method Andante,"By using the rhythm of your breathing, voice and breath are well coordinated so that you can bet your voice relaxed.",https://voicebuddy.s3.eu-central-1.amazonaws.com/12+Andante+Audio+-+25-05-2021+10.42.mp3,https://voicebuddy.s3.eu-central-1.amazonaws.com/icoon-andante.png,Matériel d'exercice de transfert,"Respiration, fermeture, vibration,",Méthode d'accent Andante,"En utilisant le rythme de votre respiration, la voix et la respiration sont bien coordonnées afin que vous puissiez parier votre voix détendue.",https://voicebuddy.s3.eu-entral-1.amazonaws.com/12+andante+AdIO+-+25-05-2021+10.42.mp3,https://voicebuddy.s3.eu-entral-1.amazonaws.com/icoon-andante.png
42,Accent Allegro,2,audio,1,transfer oefenmateriaal,"Adembeheersing, Sluiting, trilling",Accentmethode Allegro,Door gebruik te maken van het ritme van je ademhaling worden stem en adem goed op elkaar afgestemd zodat je je stem ontspannen kan inzetten.,https://voicebuddy.s3.eu-central-1.amazonaws.com/13+allegro+AUDIO+only.mp3,https://voicebuddy.s3.eu-central-1.amazonaws.com/icoon-allergo.png,transfer oefenmateriaal,"Adembeheersing, Sluiting, trilling",Accentmethode Allegro,Door gebruik te maken van het ritme van je ademhaling worden stem en adem goed op elkaar afgestemd zodat je je stem ontspannen kan inzetten.,https://voicebuddy.s3.eu-central-1.amazonaws.com/13+allegro+AUDIO+only.mp3,https://voicebuddy.s3.eu-central-1.amazonaws.com/icoon-allergo.png,Transfer exercise material,"Breathing, closure, vibration",Accent method Allegro,"By using the rhythm of your breathing, voice and breath are well coordinated so that you can bet your voice relaxed.",https://voicebuddy.s3.eu-central-1.amazonaws.com/13+Allegro+Audio+Only.mp3,https://voicebuddy.s3.eu-central-1.amazonaws.com/icoon-allergo.png,Matériel d'exercice de transfert,"Respiration, fermeture, vibration",Méthode d'accent Allegro,"En utilisant le rythme de votre respiration, la voix et la respiration sont bien coordonnées afin que vous puissiez parier votre voix détendue.",https://voicebuddy.s3.eu-entral-1.amazonaws.com/13+allegro+Audio+only.mp3,https://voicebuddy.s3.eu-entral-1.amazonaws.com/icoon-allergo.png
43,dB-meter,-,Meetinstrument,0,meetinstrument,Volume beheersing,dB-meter,-,https://github.com/jasonpecor/DecibelMeter/,https://voicebuddy.s3.eu-central-1.amazonaws.com/no_content.gif,meetinstrument,Volume beheersing,dB-meter,-,https://github.com/jasonpecor/DecibelMeter/,https://voicebuddy.s3.eu-central-1.amazonaws.com/no_content.gif,measuring instrument,Volume control,DB meter,-,https://github.com/jasonpeco/decibelmeter/,https://voicebuddy.s3.eu-central-1.amazonws.com/no_content.gif,Instrument de mesure,Contrôle du volume,DB mètre,-,https://github.com/jasonpeco/decibelmeter/,https://voicebuddy.s3.eu-entral-1.amazons.com/no_content.gif
44,Ademhaling,-,Animatie of plaatje,0,informatie,Adem,Ademhaling,-,http://www...gif,https://voicebuddy.s3.eu-central-1.amazonaws.com/no_content.gif,informatie,Adem,Ademhaling,-,http://www...gif,https://voicebuddy.s3.eu-central-1.amazonaws.com/no_content.gif,information,Breath,Breathing,-,http: //www...gif,https://voicebuddy.s3.eu-central-1.amazonws.com/no_content.gif,informations,Souffle,Respiration,-,http: //www...gif,https://voicebuddy.s3.eu-entral-1.amazons.com/no_content.gif
45,Houding staand,-,video,0,informatie,Houding,Houding staand,-,http://www...mp4,https://voicebuddy.s3.eu-central-1.amazonaws.com/no_content.gif,informatie,Houding,Houding staand,-,http://www...mp4,https://voicebuddy.s3.eu-central-1.amazonaws.com/no_content.gif,information,Attitude,Posture standing,-,http: //www...mp4,https://voicebuddy.s3.eu-central-1.amazonws.com/no_content.gif,informations,Attitude,Posture,-,http: //www...mp4,https://voicebuddy.s3.eu-entral-1.amazons.com/no_content.gif
46,Houding zittend,-,video,0,informatie,Houding,Houding zittend,-,http://www...mp4,https://voicebuddy.s3.eu-central-1.amazonaws.com/no_content.gif,informatie,Houding,Houding zittend,-,http://www...mp4,https://voicebuddy.s3.eu-central-1.amazonaws.com/no_content.gif,information,Attitude,Attitude seated,-,http: //www...mp4,https://voicebuddy.s3.eu-central-1.amazonws.com/no_content.gif,informations,Attitude,Attitude assise,-,http: //www...mp4,https://voicebuddy.s3.eu-entral-1.amazons.com/no_content.gif
47,10 geboden van gezond stemgebruik.,-,tekst,0,informatie,Basisvoorwaarden,10 geboden van gezond stemgebruik.,-,"Als je veelvuldig je stem moet inzetten voor werk en privé, gebruik je je stem net zo intensief als een topsporter zijn lijf. En het laatste wat je wilt, is het krijgen van blessures zoals heesheid, vermoeidhied of problemen met volume. Naast het aanleren en gebruiken van de juiste stemtechniek kun je veel doen (of laten) om je stem gezond te houden. #10geboden #learnthembyheart <b>Gij zult... 1. Hydrateren</b> Ofwel genoeg drinken. En dan liever geen cafeïne houdende dranken (koffie, cola, zwarte thee of energiedrankjes), want die hebben uiteindelijk een vochtafdrijvend effect. En dat is dus wat je precies NIET wilt. Water heeft de voorkeur. <b>2. Slapen</b> Lekker veel slapen is goed voor de stem. Bij vermoeidheid is de stem namelijk minder krachtig, iets hoger en instabieler. <b>3. NIet roken en/of alcohol drinken </b>  Geen populaire maatregel, maar het is goed om te beseffen dat roken ontsteking en zwelling van het slijmvlies veroorzaakt en alcohol de slijmvliezen uitdroogt. Hierdoor sluiten en golven de stemplooien niet meer goed, waardoor je stemkwaliteit minder is. Doe het dus niet of met mate. <b> 4. Niet keelschrapen en kuchen</b> Nou ja, alleen als je ontzettend verkouden bent, mag je natuurlijk hoesten: je longen moeten namelijk schoon blijven. Verder niet doen! 1 maal je keel schrapen staat ongeveer gelijk aan een half uur stembelasting. Bovendien irriteert het je slijmvlies waardoor je nog meer wilt schrapen: een neerwaartse spiraal. Wat dan wel? Lippentriller of huffen. <b> 5. Niet te veel, te laat of te pikant eten </b>  Hierdoor kun je last krijgen van maagzuur, wat je stem irriteert. <b> 6. Niet fluisteren </b> Niet hard in ieder geval! Dit is heel belastend voor de stemplooien. Ben je je stem kwijt of ben je hees door een verkoudheid? Stemrust en lekker veel slapen is je redding! <b> 7. Niet gillen, schreeuwen of luid roepen </b>  In ieder geval niet zonder de juiste techniek! Probeer op feestjes, in de kroeg of tijdens sportwedstrijden niet boven het achtergrondgeluid te komen, maar met een lage en luide stem én een goede articulatie door het geluid heen te praten. <b> 8. Door de neus ademen</b>  Dan heb je namelijk minder kans op een verkoudheid of keelinfectie. <b> 9. Ontspanningsoefeningen voor de larynx doen </b>  Bijvoorbeeld buisresonans of de lippentriller. Zie het als een warming-up of cooling-down net als bij sporten. <b> 10. De mogelijkheden van je stem goed leren kennen </b> Binnen je eigen grenzen kan er veel met je stem. Probeer niet de stem van iemand anders over te nemen of stemmetjes op te zetten. Leer je eigen natuurlijke stemgebruik ten volle in te zetten en neem genoeg stemrust!",https://voicebuddy.s3.eu-central-1.amazonaws.com/no_content.gif,informatie,Basisvoorwaarden,10 geboden van gezond stemgebruik.,-,"Als je veelvuldig je stem moet inzetten voor werk en privé, gebruik je je stem net zo intensief als een topsporter zijn lijf. En het laatste wat je wilt, is het krijgen van blessures zoals heesheid, vermoeidhied of problemen met volume. Naast het aanleren en gebruiken van de juiste stemtechniek kun je veel doen (of laten) om je stem gezond te houden. #10geboden #learnthembyheart <b>Gij zult... 1. Hydrateren</b> Ofwel genoeg drinken. En dan liever geen cafeïne houdende dranken (koffie, cola, zwarte thee of energiedrankjes), want die hebben uiteindelijk een vochtafdrijvend effect. En dat is dus wat je precies NIET wilt. Water heeft de voorkeur. <b>2. Slapen</b> Lekker veel slapen is goed voor de stem. Bij vermoeidheid is de stem namelijk minder krachtig, iets hoger en instabieler. <b>3. NIet roken en/of alcohol drinken </b>  Geen populaire maatregel, maar het is goed om te beseffen dat roken ontsteking en zwelling van het slijmvlies veroorzaakt en alcohol de slijmvliezen uitdroogt. Hierdoor sluiten en golven de stemplooien niet meer goed, waardoor je stemkwaliteit minder is. Doe het dus niet of met mate. <b> 4. Niet keelschrapen en kuchen</b> Nou ja, alleen als je ontzettend verkouden bent, mag je natuurlijk hoesten: je longen moeten namelijk schoon blijven. Verder niet doen! 1 maal je keel schrapen staat ongeveer gelijk aan een half uur stembelasting. Bovendien irriteert het je slijmvlies waardoor je nog meer wilt schrapen: een neerwaartse spiraal. Wat dan wel? Lippentriller of huffen. <b> 5. Niet te veel, te laat of te pikant eten </b>  Hierdoor kun je last krijgen van maagzuur, wat je stem irriteert. <b> 6. Niet fluisteren </b> Niet hard in ieder geval! Dit is heel belastend voor de stemplooien. Ben je je stem kwijt of ben je hees door een verkoudheid? Stemrust en lekker veel slapen is je redding! <b> 7. Niet gillen, schreeuwen of luid roepen </b>  In ieder geval niet zonder de juiste techniek! Probeer op feestjes, in de kroeg of tijdens sportwedstrijden niet boven het achtergrondgeluid te komen, maar met een lage en luide stem én een goede articulatie door het geluid heen te praten. <b> 8. Door de neus ademen</b>  Dan heb je namelijk minder kans op een verkoudheid of keelinfectie. <b> 9. Ontspanningsoefeningen voor de larynx doen </b>  Bijvoorbeeld buisresonans of de lippentriller. Zie het als een warming-up of cooling-down net als bij sporten. <b> 10. De mogelijkheden van je stem goed leren kennen </b> Binnen je eigen grenzen kan er veel met je stem. Probeer niet de stem van iemand anders over te nemen of stemmetjes op te zetten. Leer je eigen natuurlijke stemgebruik ten volle in te zetten en neem genoeg stemrust!",https://voicebuddy.s3.eu-central-1.amazonaws.com/no_content.gif,information,Basic conditions,10 Commandments of healthy voice use.,-,"If you often have to use your voice for work and private life, you use your voice just as intensive as a top athlete's body. And the last thing you want is to get injuries such as hoarseness, tiredness or problems with volume. In addition to learning and using the right voice technique you can do a lot (or leave) to keep your voice healthy. # 10Shoes #LearnthembyHeart <b> You will ... 1. Hydrate </ b> or drink enough. And then rather no caffeine-containing drinks (coffee, cola, black tea or energy drinks), because they ultimately have a moisture-wicking effect. And that's what you don't want exactly. Water is preferred. <b> 2. Sleeping </ b> Nice sleeping is good for the voice. In case of fatigue, the voice is less powerful, slightly higher and more unstable. <b> 3. Do not drink and / or drink alcohol </ b> No popular measure, but it is good to realize that smoking is causing ignition and swelling of the mucous membrane and dries out the mucous membranes. As a result, the voting folds no longer close and wave, so your voting quality is less. So don't do it or moderate. <b> 4. Don't throat and cough </ b> Well, only if you have a very cold, you can of course cough: your lungs must remain clean. Don't do it further! 1 times your throat scraping is approximately equal to a half-hour voting tax. Moreover, it irritates your mucous membrane so that you want to scrape any more: a downward spiral. Then what? Lippentriller or Hoffen. <b> 5. Not too much, too late or too spicy food </ b> You can suffer from stomach acid, which irritates your voice. <b> 6. Don't whisper </ b> not hard anyway! This is very stressful for the voting folds. Have you lost your voice or are you Hees through a cold? Voice rest and a lot of sleeping is your salvation! <b> 7. Don't scream, shout or shout loudly </ b> at least not without the right technique! Try to reach parties, in the pub or during sports competitions, not above the background noise, but with a low and loud voice and a good articulation through the sound. <b> 8. Breathe through the nose </ b> then you have less chance of a cold or throat infection. <B> 9. Relaxation exercises for the Larynx doing </ b> For example, tube resonance or the lip torture. See it as a warm-up or cooling down just like in sports. <b> 10. Getting to know the possibilities of your voice well </ b> Within your own limits there can be a lot with your voice. Don't try to take someone else's voice or to set up votetets. Learn to fully use your own natural voice use and take enough voice rest!",https://voicebuddy.s3.eu-central-1.amazonws.com/no_content.gif,informations,Conditions de base,10 commandes d'une utilisation vocale saine.,-,"Si vous avez échoué à utiliser votre voix pour le travail et la vie privée, vous utilisez votre voix aussi intensive que le corps de l'athlète. Et la dernière chose que vous êtes parce que c'est de faire des blessures telles que la franchise, la fatigue ou des problèmes de volume. En plus d'apprendre et d'utiliser la bonne technique vocale, vous pouvez faire beaucoup (ou partir) pour garder votre voix en bonne santé. # 10Shoes #learnthembyheart <b> Vous allez ... 1. Hydrate </ B> ou boire suffisamment. Et puis plutôt pas de caféine contenant des boissons (café, cola, thé noir ou boissons énergisantes), car ils ont finalement un effet d'humidité. Et c'est ce que vous ne faites pas parce que exactement. L'eau est préférée. <B> 2. Dormir </ B> Un bon sommeil est bon pour la voix. En cas de fatigue, la voix est moins puissante, légèrement élevée et plus instable. <B> 3. Ne pas boire et / ou boire de l'alcool d'alcool </ b> Pas de mesure populaire, mais il est bon de comprendre que le tabagisme causait l'allumage et le gonflement de la membrane muqueuse et sèche les muqueuses. En conséquence, les plis de vote ne se ferment plus et ne font donc que la qualité de votre vote. Donc, ne le faites ni modéré. <B> 4. Ne faites pas la gorge et la toux </ b> Eh bien, seulement si vous avez un très froid, vous pouvez bien sûr tousser: vos poumons doivent rester propres. Ne le faites pas plus loin! 1 fois que votre raclage de la gorge est approximativement égale à une taxe de vote à une demi-heure. De plus, il irrite votre membrane muqueuse pour que vous souhaitiez gratter plus: une spirale descendante. Alors quoi? Lippentriller ou hoffène. <b> 5. Pas trop, trop tard ou trop épicé de nourriture </ b> Vous pouvez souffrir de l'acide gastrique, qui irrite votre voix. <B> 6. Ne pas chuchoter </ B> Pas difficile de toute façon! C'est très stressant pour les plis de vote. Avez-vous perdu votre voix ou êtes-vous des attentes à travers un rhume? Le repos de voix et beaucoup de sommeil sont votre salut! <B> 7. Ne criez pas, crier ou crier fort </ b> au moins pas sans la bonne technique! Essayez d'atteindre les parties, dans le pub ou pendant les compétitions sportives, pas au-dessus du bruit de fond, mais avec une voix basse et forte et une bonne articulation à travers le son. <B> 8. Respirez à travers le nez </ b> alors vous avez moins de chance d'une infection à froid ou à la gorge. <B> 9. Exercices de relaxation pour le larynx faire </ B> par exemple, résonance de tubes ou la torture à la lèvre. Voyez-le comme une échauffement ou un refroidissement comme dans le sport. <B> 10. Apprendre à connaître les possibilités de votre voix bien </ b> dans vos propres limites, il peut y avoir beaucoup de choses avec votre voix. N'essayez pas de prendre la voix de quelqu'un d'autre ni de mettre en place des voterets. Apprenez à utiliser pleinement votre propre utilisation de voix naturelle et prenez suffisamment de voix!",https://voicebuddy.s3.eu-entral-1.amazons.com/no_content.gif
48,Algemene transfer tips,-,tekst,0,informatie,transfertips,Algemene transfer tips,-,"<b> Toepassen technieken </b> -Vind je het lastig om momenten te vinden om de technieken toe te passen? Neem jezelf voor om het een paar minuten te oefenen tijdens het voorlezen aan je kinderen, tijdesn het natafelen of aan het begin van een telefoon- of videobelgesprek. Bepaal de momenten aan het begin van de dag of neem vaste momenten en houd je er aan. Zo oefen je ongemerkt steeds vaker! -Als je oefeningen wilt combineren en trainen, kun je dat het beste als volgt doen: 1. Oefenen met focus op vaardigheid A 2. Oefenen met focus op vaardigheid B 3.Oefenen met focus op vaardigheid A 4.Oefenen met focus op vaardigheid B 5. Oefenen met focus op vaardigheid A én B </b> Algemene tips</b> - Stemplooien is een ander woord voor stembanden en kunnen door elkaar worden gebruikt. -In tegenstelling tot wat we vaak denken is een hoger geluid niet beter hoorbaar. Sterker nog: Laag geluid draagt verder. Als je dus een afstand moet overbruggen doe je dat het liefst in een voor jou comfortabel laag stemgeluid. Denk dus laag en luid! - Als er veel achtergrondlawaai is en je wilt jezelf hoorbaar maken, denk dan dat je niet óver het geluid heen wilt, maar er dóórheen. Op die manier is het makkelijker je stem laag en luid te houden.",https://voicebuddy.s3.eu-central-1.amazonaws.com/no_content.gif,informatie,transfertips,Algemene transfer tips,-,"<b> Toepassen technieken </b> -Vind je het lastig om momenten te vinden om de technieken toe te passen? Neem jezelf voor om het een paar minuten te oefenen tijdens het voorlezen aan je kinderen, tijdesn het natafelen of aan het begin van een telefoon- of videobelgesprek. Bepaal de momenten aan het begin van de dag of neem vaste momenten en houd je er aan. Zo oefen je ongemerkt steeds vaker! -Als je oefeningen wilt combineren en trainen, kun je dat het beste als volgt doen: 1. Oefenen met focus op vaardigheid A 2. Oefenen met focus op vaardigheid B 3.Oefenen met focus op vaardigheid A 4.Oefenen met focus op vaardigheid B 5. Oefenen met focus op vaardigheid A én B </b> Algemene tips</b> - Stemplooien is een ander woord voor stembanden en kunnen door elkaar worden gebruikt. -In tegenstelling tot wat we vaak denken is een hoger geluid niet beter hoorbaar. Sterker nog: Laag geluid draagt verder. Als je dus een afstand moet overbruggen doe je dat het liefst in een voor jou comfortabel laag stemgeluid. Denk dus laag en luid! - Als er veel achtergrondlawaai is en je wilt jezelf hoorbaar maken, denk dan dat je niet óver het geluid heen wilt, maar er dóórheen. Op die manier is het makkelijker je stem laag en luid te houden.",https://voicebuddy.s3.eu-central-1.amazonaws.com/no_content.gif,information,Transfertips,General transfer tips,-,"<b> Applying techniques </ b> FIND it difficult to find moments to apply the techniques? To practice it for a few minutes while reading to your children, Tijdsn Natboy or at the start of a telephone or video call discussion. Determine the moments at the beginning of the day or take fixed moments and stick to it. In this way you exercise unnoticed more often! - If you want to combine and train exercises, you can do that best: 1. Practicing with focus on skill A 2. Practicing with focus on skill B 3. Process with focus on skill A 4. Practitioning with focus on skill B 5. Practicing with focus on skill A and B </ b> General tips </ b> - voting folds is another word for vocal cords and can be used. - In contrast to what we often think, a higher sound is not more audible. In fact: low sound continues. So if you have to bridge a distance, you prefer to be comfortably low low to you. So think low and loud! - If there is a lot of background noise and you want to make yourself audible, then think that you do not want to go down the sound, but there. That way it is easier to keep your voice low and loud.",https://voicebuddy.s3.eu-central-1.amazonws.com/no_content.gif,informations,Transfert,Conseils de transfert généraux,-,"<B> L'application de techniques </ b> Il est difficile de trouver des moments d'appliquer les techniques? Pour la pratique pendant quelques minutes tout en lisant à vos enfants, Timesn Natboy ou au début d'une discussion téléphonique ou d'appel vidéo. Déterminez les moments au début de la journée ou prenez des moments fixes et respectez-le. De cette façon, vous faites de l'exercice inaperçu plus souvent! - Si vous voulez combiner et former des exercices, vous pouvez le faire de mieux: 1. Pratiquer avec l'accent sur les compétences A 2. Pratiquer avec l'accent sur les compétences B 3. Processus avec la mise au point sur les compétences A 4. Pratitionnement avec l'accent sur la compétence B 5. Pratiquer avec l'accent sur les compétences A et B> Conseils généraux </ b> Les plis de vote sont un autre mot pour les cordes vocales et peuvent être utilisés. - Contrairement à ce que nous pensons souvent, un son plus élevé n'est pas plus audible. En fait: le son faible continue. Donc, si vous devez combler une distance, vous préférez être confortablement bas pour vous. Alors pensez bas et fort! - S'il y a beaucoup de bruit de fond et que vous voulez vous rendre audible, pensez-vous que vous ne voulez pas descendre le son, mais là. De cette façon, il est plus facile de garder votre voix basse et forte.",https://voicebuddy.s3.eu-entral-1.amazons.com/no_content.gif
99,"Buisresonans
Doel:
Ontspanning spieren rondom stemplooien en strottenhoofd.
- Herstel stem
-betere en meer ontspannen sluiting van de stemplooien.",2,video,0,stem-productie,"Fonatie, Sluiting, trilling, relaxatie",Buisresonans,"Het maken van geluid in de buis verandert de luchtdrukverdeling in je strottenhoofd. Dat zorgt voor ontspanning in je keel, helpt je stemplooien beter te sluiten en draagt bij aan het herstel van je stem.",https://voicebuddy.s3.eu-central-1.amazonaws.com/03+buisresonans_animatie_v03.mp4,https://voicebuddy.s3.eu-central-1.amazonaws.com/no_content.gif,stem-productie,"Fonatie, Sluiting, trilling, relaxatie",Buisresonans,"Het maken van geluid in de buis verandert de luchtdrukverdeling in je strottenhoofd. Dat zorgt voor ontspanning in je keel, helpt je stemplooien beter te sluiten en draagt bij aan het herstel van je stem.",https://voicebuddy.s3.eu-central-1.amazonaws.com/03+buisresonans_animatie_v03.mp4,https://voicebuddy.s3.eu-central-1.amazonaws.com/no_content.gif,Voice production,"Fonation, Closure, Vibration, Relaxation",Tube resonance,"Making sound in the tube changes the air pressure distribution into your larynx. That ensures relaxation in your throat, helps you close your voting folds and contributes to the recovery of your voice.",https://voicebuddy.s3.eu-central-1.amazonaws.com/03+BuisResonans_Animation_v03.mp4,https://voicebuddy.s3.eu-central-1.amazonws.com/no_content.gif,Production vocale,"Fonation, fermeture, vibration, relaxation",Résonance du tube,"Faire du son dans le tube change la distribution de la pression d'air dans votre larynx. Cela garantit une relaxation dans la gorge, vous aide à fermer vos plis de vote et à contribuer à la récupération de votre voix.",https://voicebuddy.s3.eu-entral-1.amazonaws.com/03+buisresonans_animation_v03.mp4,https://voicebuddy.s3.eu-entral-1.amazons.com/no_content.gif
